Airline;Origin airport;Destination airport;Scheduled departure time;Scheduled arrival time;Actual arrival time;Arrival delay in minutes;Delay indicator;Route Code;Number of passengers;Departure date
FlyUIBK;BER;VIE;18:10:00;10:40:00;10:46:00;6;1;1;134;2021-01-01
FlyUIBK;VIE;BER;21:15:00;22:15:00;22:30:00;15;1;2;120;2021-01-01
FlyUIBK;VIE;OSL;18:10:00;23:35:00;23:44:00;9;1;3;188;2021-01-01
LDA;BER;VIE;14:45:00;19:15:00;21:45:00;150;1;1;;2021-01-02
FlyUIBK;BER;VIE;13:35:00;10:40:00;10:44:00;4;1;1;83;2021-01-02
LDA;BER;VIE;14:45:00;16:15:00;17:26:00;71;1;1;;2021-01-02
FlyUIBK;BER;VIE;18:05:00;10:40:00;10:57:00;17;1;1;214;2021-01-03
LDA;BER;VIE;20:20:00;10:40:00;10:45:00;5;1;1;;2021-01-04
FlyUIBK;VIE;BER;06:35:00;23:35:00;00:48:00;73;1;2;114;2021-01-05
LDA;VIE;BER;20:20:00;14:40:00;15:44:00;64;1;2;;2021-01-05
LDA;VIE;BER;14:45:00;23:35:00;01:33:00;118;1;2;;2021-01-05
FlyUIBK;VIE;OSL;13:10:00;16:15:00;17:00:00;45;1;3;68;2021-01-05
FlyUIBK;VIE;BER;21:55:00;15:15:00;15:08:00;-7;0;2;191;2021-01-06
LDA;VIE;BER;20:45:00;15:15:00;15:14:00;-1;0;2;;2021-01-06
LDA;VIE;OSL;21:55:00;22:25:00;22:18:00;-7;0;3;;2021-01-06
FlyUIBK;BER;VIE;06:35:00;19:15:00;19:10:00;-5;0;1;51;2021-01-07
FlyUIBK;BER;VIE;13:35:00;14:40:00;14:37:00;-3;0;1;168;2021-01-07
FlyUIBK;VIE;BER;13:35:00;23:35:00;23:37:00;2;1;2;119;2021-01-07
LDA;BER;VIE;20:20:00;23:35:00;23:39:00;4;1;1;;2021-01-08
LDA;VIE;OSL;21:55:00;22:15:00;22:16:00;1;1;3;;2021-01-08
FlyUIBK;VIE;OSL;07:45:00;15:15:00;15:33:00;18;1;3;73;2021-01-08
FlyUIBK;OSL;VIE;09:10:00;22:15:00;22:25:00;10;1;4;210;2021-01-08
FlyUIBK;OSL;VIE;13:10:00;22:15:00;22:11:00;-4;0;4;202;2021-01-08
LDA;BER;VIE;20:20:00;19:15:00;19:44:00;29;1;1;;2021-01-09
FlyUIBK;VIE;BER;20:45:00;15:15:00;15:27:00;12;1;2;158;2021-01-09
LDA;VIE;OSL;06:35:00;15:15:00;17:04:00;109;1;3;;2021-01-09
FlyUIBK;VIE;OSL;13:35:00;14:40:00;16:32:00;112;1;3;73;2021-01-09
LDA;OSL;VIE;21:15:00;14:40:00;14:51:00;11;1;4;;2021-01-10
LDA;BER;VIE;09:10:00;15:15:00;15:18:00;3;1;1;;2021-01-11
LDA;VIE;BER;09:10:00;19:40:00;19:50:00;10;1;2;;2021-01-11
LDA;BER;VIE;20:20:00;19:15:00;20:30:00;75;1;1;;2021-01-12
FlyUIBK;OSL;VIE;13:10:00;19:40:00;21:26:00;106;1;4;143;2021-01-12
LDA;BER;VIE;18:10:00;22:15:00;22:18:00;3;1;1;;2021-01-13
LDA;VIE;BER;18:05:00;09:15:00;09:34:00;19;1;2;;2021-01-13
FlyUIBK;VIE;OSL;09:10:00;09:15:00;09:17:00;2;1;3;118;2021-01-13
LDA;VIE;OSL;18:05:00;10:40:00;10:57:00;17;1;3;;2021-01-13
LDA;VIE;BER;13:35:00;22:15:00;22:14:00;-1;0;2;;2021-01-14
FlyUIBK;OSL;VIE;14:45:00;19:40:00;19:47:00;7;1;4;53;2021-01-14
FlyUIBK;OSL;VIE;21:55:00;19:40:00;19:48:00;8;1;4;156;2021-01-14
FlyUIBK;BER;VIE;13:10:00;22:25:00;22:41:00;16;1;1;96;2021-01-15
LDA;OSL;VIE;21:15:00;22:15:00;22:35:00;20;1;4;;2021-01-15
LDA;BER;VIE;20:45:00;14:40:00;15:29:00;49;1;1;;2021-01-16
LDA;VIE;BER;06:35:00;21:35:00;22:12:00;37;1;2;;2021-01-16
LDA;VIE;BER;07:45:00;16:15:00;16:31:00;16;1;2;;2021-01-17
FlyUIBK;BER;VIE;20:45:00;09:15:00;09:18:00;3;1;1;146;2021-01-18
LDA;BER;VIE;06:35:00;14:40:00;14:42:00;2;1;1;;2021-01-18
FlyUIBK;VIE;BER;20:45:00;22:25:00;22:39:00;14;1;2;172;2021-01-18
FlyUIBK;VIE;OSL;20:45:00;22:15:00;22:22:00;7;1;3;92;2021-01-18
LDA;VIE;OSL;18:05:00;07:50:00;07:59:00;9;1;3;;2021-01-18
FlyUIBK;BER;VIE;20:20:00;10:40:00;10:52:00;12;1;1;57;2021-01-19
LDA;BER;VIE;20:20:00;23:35:00;00:19:00;44;1;1;;2021-01-19
FlyUIBK;BER;VIE;21:15:00;16:15:00;17:47:00;92;1;1;194;2021-01-19
LDA;BER;VIE;18:05:00;19:15:00;20:08:00;53;1;1;;2021-01-19
FlyUIBK;VIE;BER;06:35:00;22:25:00;23:32:00;67;1;2;111;2021-01-19
LDA;VIE;OSL;18:05:00;22:25:00;23:24:00;59;1;3;;2021-01-19
LDA;VIE;OSL;07:45:00;22:15:00;23:56:00;101;1;3;;2021-01-19
FlyUIBK;VIE;BER;21:15:00;21:35:00;21:32:00;-3;0;2;76;2021-01-20
FlyUIBK;VIE;OSL;20:20:00;23:35:00;23:53:00;18;1;3;195;2021-01-20
LDA;BER;VIE;20:45:00;22:15:00;22:11:00;-4;0;1;;2021-01-21
FlyUIBK;VIE;OSL;14:45:00;19:40:00;19:37:00;-3;0;3;129;2021-01-21
LDA;OSL;VIE;20:20:00;16:15:00;16:29:00;14;1;4;;2021-01-21
LDA;VIE;OSL;21:15:00;21:35:00;21:39:00;4;1;3;;2021-01-22
LDA;VIE;OSL;20:20:00;10:40:00;10:48:00;8;1;3;;2021-01-22
FlyUIBK;VIE;OSL;13:35:00;14:40:00;14:57:00;17;1;3;107;2021-01-22
FlyUIBK;OSL;VIE;14:45:00;22:15:00;22:30:00;15;1;4;64;2021-01-22
LDA;OSL;VIE;09:10:00;22:25:00;22:20:00;-5;0;4;;2021-01-22
LDA;OSL;VIE;07:45:00;19:15:00;21:28:00;133;1;4;;2021-01-23
FlyUIBK;OSL;VIE;07:45:00;15:15:00;15:50:00;35;1;4;105;2021-01-23
LDA;BER;VIE;09:10:00;21:35:00;21:44:00;9;1;1;;2021-01-24
LDA;VIE;BER;09:10:00;19:40:00;19:40:00;0;0;2;;2021-01-24
LDA;OSL;VIE;13:10:00;21:35:00;21:41:00;6;1;4;;2021-01-24
LDA;OSL;VIE;21:55:00;22:25:00;22:45:00;20;1;4;;2021-01-24
FlyUIBK;BER;VIE;13:10:00;09:15:00;09:25:00;10;1;1;80;2021-01-25
LDA;BER;VIE;20:45:00;19:15:00;19:22:00;7;1;1;;2021-01-25
FlyUIBK;VIE;OSL;06:35:00;16:15:00;16:22:00;7;1;3;147;2021-01-25
FlyUIBK;VIE;OSL;09:10:00;19:15:00;19:32:00;17;1;3;51;2021-01-25
LDA;BER;VIE;20:45:00;22:15:00;22:32:00;17;1;1;;2021-01-26
FlyUIBK;BER;VIE;20:20:00;19:15:00;21:07:00;112;1;1;95;2021-01-26
FlyUIBK;VIE;BER;06:35:00;07:50:00;07:47:00;-3;0;2;61;2021-01-27
LDA;VIE;OSL;20:20:00;07:50:00;08:07:00;17;1;3;;2021-01-27
FlyUIBK;VIE;OSL;13:10:00;16:15:00;16:35:00;20;1;3;212;2021-01-27
FlyUIBK;OSL;VIE;14:45:00;22:15:00;22:11:00;-4;0;4;58;2021-01-27
LDA;BER;VIE;13:35:00;07:50:00;08:03:00;13;1;1;;2021-01-28
LDA;VIE;OSL;13:10:00;14:40:00;14:42:00;2;1;3;;2021-01-28
LDA;OSL;VIE;20:20:00;07:50:00;07:51:00;1;1;4;;2021-01-28
LDA;BER;VIE;21:15:00;22:15:00;23:17:00;62;1;1;;2021-01-30
FlyUIBK;BER;VIE;20:20:00;19:40:00;20:55:00;75;1;1;57;2021-01-30
FlyUIBK;OSL;VIE;20:20:00;22:15:00;22:48:00;33;1;4;170;2021-01-30
FlyUIBK;VIE;OSL;06:35:00;22:15:00;22:24:00;9;1;3;189;2021-01-31
FlyUIBK;VIE;OSL;07:45:00;16:15:00;16:18:00;3;1;3;165;2021-01-31
FlyUIBK;VIE;OSL;09:10:00;22:25:00;22:35:00;10;1;3;155;2021-01-31
FlyUIBK;BER;VIE;07:45:00;19:40:00;19:44:00;4;1;1;105;2021-02-02
FlyUIBK;BER;VIE;21:55:00;19:40:00;21:10:00;90;1;1;148;2021-02-02
LDA;VIE;OSL;20:45:00;10:40:00;12:02:00;82;1;3;;2021-02-02
LDA;VIE;OSL;21:15:00;15:15:00;17:44:00;149;1;3;;2021-02-02
FlyUIBK;VIE;BER;13:35:00;16:15:00;16:13:00;-2;0;2;74;2021-02-03
LDA;BER;VIE;20:20:00;14:40:00;14:45:00;5;1;1;;2021-02-04
LDA;BER;VIE;20:45:00;09:15:00;09:33:00;18;1;1;;2021-02-04
FlyUIBK;VIE;OSL;20:45:00;19:15:00;19:18:00;3;1;3;154;2021-02-04
FlyUIBK;OSL;VIE;06:35:00;19:40:00;19:55:00;15;1;4;84;2021-02-05
LDA;BER;VIE;14:45:00;22:25:00;23:46:00;81;1;1;;2021-02-06
FlyUIBK;BER;VIE;18:10:00;22:25:00;00:29:00;124;1;1;147;2021-02-06
LDA;VIE;OSL;09:10:00;14:40:00;15:24:00;44;1;3;;2021-02-06
FlyUIBK;OSL;VIE;21:15:00;10:40:00;10:46:00;6;1;4;193;2021-02-06
FlyUIBK;OSL;VIE;13:10:00;23:35:00;23:36:00;1;1;4;138;2021-02-06
LDA;VIE;BER;13:35:00;19:15:00;19:29:00;14;1;2;;2021-02-07
FlyUIBK;OSL;VIE;18:10:00;10:40:00;10:56:00;16;1;4;68;2021-02-08
LDA;OSL;VIE;18:10:00;09:15:00;09:19:00;4;1;4;;2021-02-08
LDA;BER;VIE;13:35:00;19:40:00;21:43:00;123;1;1;;2021-02-09
LDA;VIE;BER;09:10:00;10:40:00;12:22:00;102;1;2;;2021-02-09
LDA;VIE;BER;18:05:00;19:15:00;20:49:00;94;1;2;;2021-02-09
LDA;VIE;OSL;14:45:00;22:25:00;22:47:00;22;1;3;;2021-02-09
LDA;OSL;VIE;20:45:00;14:40:00;16:34:00;114;1;4;;2021-02-09
FlyUIBK;OSL;VIE;07:45:00;07:50:00;09:02:00;72;1;4;112;2021-02-09
LDA;BER;VIE;13:35:00;09:15:00;09:27:00;12;1;1;;2021-02-10
LDA;VIE;BER;13:35:00;15:15:00;15:30:00;15;1;2;;2021-02-10
LDA;VIE;BER;13:10:00;23:35:00;23:27:00;-8;0;2;;2021-02-10
FlyUIBK;VIE;OSL;07:45:00;22:15:00;22:31:00;16;1;3;171;2021-02-10
FlyUIBK;VIE;OSL;13:10:00;19:15:00;19:34:00;19;1;3;76;2021-02-10
FlyUIBK;OSL;VIE;18:05:00;10:40:00;10:35:00;-5;0;4;91;2021-02-10
LDA;BER;VIE;20:20:00;19:40:00;19:42:00;2;1;1;;2021-02-11
FlyUIBK;BER;VIE;18:10:00;19:40:00;19:45:00;5;1;1;217;2021-02-11
LDA;VIE;BER;18:10:00;22:15:00;22:10:00;-5;0;2;;2021-02-11
LDA;VIE;OSL;14:45:00;19:15:00;19:25:00;10;1;3;;2021-02-11
FlyUIBK;VIE;OSL;20:45:00;23:35:00;23:52:00;17;1;3;179;2021-02-11
LDA;BER;VIE;20:45:00;21:35:00;21:41:00;6;1;1;;2021-02-12
FlyUIBK;BER;VIE;06:35:00;07:50:00;07:58:00;8;1;1;192;2021-02-12
FlyUIBK;VIE;BER;13:35:00;15:15:00;15:27:00;12;1;2;115;2021-02-12
LDA;BER;VIE;21:15:00;15:15:00;16:43:00;88;1;1;;2021-02-13
LDA;OSL;VIE;20:20:00;21:35:00;22:03:00;28;1;4;;2021-02-13
FlyUIBK;OSL;VIE;18:05:00;15:15:00;17:40:00;145;1;4;185;2021-02-13
FlyUIBK;OSL;VIE;18:05:00;09:15:00;11:41:00;146;1;4;119;2021-02-13
LDA;OSL;VIE;18:10:00;10:40:00;10:46:00;6;1;4;;2021-02-15
LDA;VIE;OSL;14:45:00;09:15:00;10:45:00;90;1;3;;2021-02-16
LDA;OSL;VIE;20:45:00;07:50:00;09:26:00;96;1;4;;2021-02-16
LDA;BER;VIE;18:10:00;22:15:00;22:28:00;13;1;1;;2021-02-17
LDA;VIE;BER;20:20:00;15:15:00;15:30:00;15;1;2;;2021-02-17
FlyUIBK;VIE;BER;13:35:00;23:35:00;23:38:00;3;1;2;55;2021-02-17
FlyUIBK;VIE;OSL;13:35:00;22:15:00;22:25:00;10;1;3;102;2021-02-17
LDA;OSL;VIE;07:45:00;10:40:00;10:50:00;10;1;4;;2021-02-17
FlyUIBK;VIE;BER;13:10:00;22:25:00;22:27:00;2;1;2;117;2021-02-18
LDA;VIE;OSL;06:35:00;10:40:00;10:41:00;1;1;3;;2021-02-18
FlyUIBK;VIE;OSL;18:05:00;19:15:00;19:21:00;6;1;3;127;2021-02-19
LDA;VIE;OSL;13:35:00;21:35:00;21:46:00;11;1;3;;2021-02-19
FlyUIBK;OSL;VIE;06:35:00;19:40:00;19:38:00;-2;0;4;107;2021-02-19
FlyUIBK;VIE;OSL;14:45:00;19:15:00;20:47:00;92;1;3;61;2021-02-20
FlyUIBK;OSL;VIE;06:35:00;16:15:00;16:31:00;16;1;4;173;2021-02-20
LDA;OSL;VIE;21:55:00;22:25:00;00:43:00;138;1;4;;2021-02-20
FlyUIBK;OSL;VIE;20:20:00;07:50:00;08:21:00;31;1;4;196;2021-02-20
FlyUIBK;BER;VIE;07:45:00;07:50:00;07:59:00;9;1;1;146;2021-02-21
LDA;VIE;OSL;21:15:00;09:15:00;09:34:00;19;1;3;;2021-02-21
FlyUIBK;VIE;OSL;18:10:00;07:50:00;08:00:00;10;1;3;183;2021-02-21
FlyUIBK;OSL;VIE;07:45:00;15:15:00;15:27:00;12;1;4;203;2021-02-21
LDA;OSL;VIE;09:10:00;21:35:00;21:48:00;13;1;4;;2021-02-21
FlyUIBK;OSL;VIE;09:10:00;19:15:00;19:32:00;17;1;4;185;2021-02-22
FlyUIBK;VIE;OSL;20:20:00;19:40:00;19:54:00;14;1;3;71;2021-02-23
FlyUIBK;VIE;OSL;20:20:00;23:35:00;01:15:00;100;1;3;67;2021-02-23
LDA;VIE;BER;06:35:00;16:15:00;16:14:00;-1;0;2;;2021-02-24
FlyUIBK;BER;VIE;20:45:00;23:35:00;23:36:00;1;1;1;126;2021-02-25
LDA;OSL;VIE;20:20:00;23:35:00;23:41:00;6;1;4;;2021-02-25
LDA;OSL;VIE;20:20:00;07:50:00;08:03:00;13;1;4;;2021-02-25
LDA;OSL;VIE;18:05:00;07:50:00;08:03:00;13;1;4;;2021-02-25
FlyUIBK;BER;VIE;07:45:00;15:15:00;15:32:00;17;1;1;74;2021-02-26
FlyUIBK;BER;VIE;14:45:00;23:35:00;23:38:00;3;1;1;61;2021-02-26
LDA;OSL;VIE;06:35:00;09:15:00;09:35:00;20;1;4;;2021-02-26
FlyUIBK;VIE;OSL;20:20:00;10:40:00;10:41:00;1;1;3;211;2021-02-27
LDA;OSL;VIE;18:10:00;22:25:00;23:16:00;51;1;4;;2021-02-27
FlyUIBK;OSL;VIE;20:45:00;07:50:00;08:06:00;16;1;4;153;2021-02-27
LDA;VIE;BER;14:45:00;15:15:00;15:31:00;16;1;2;;2021-02-28
FlyUIBK;VIE;BER;18:05:00;10:40:00;10:41:00;1;1;2;141;2021-03-01
LDA;VIE;BER;07:45:00;19:15:00;19:24:00;9;1;2;;2021-03-01
LDA;OSL;VIE;13:10:00;22:25:00;22:32:00;7;1;4;;2021-03-01
FlyUIBK;OSL;VIE;09:10:00;16:15:00;16:20:00;5;1;4;147;2021-03-01
LDA;BER;VIE;07:45:00;19:40:00;20:12:00;32;1;1;;2021-03-02
FlyUIBK;VIE;BER;14:45:00;19:40:00;21:27:00;107;1;2;194;2021-03-02
LDA;VIE;OSL;06:35:00;09:15:00;11:03:00;108;1;3;;2021-03-02
FlyUIBK;OSL;VIE;13:10:00;22:25:00;00:11:00;106;1;4;206;2021-03-02
LDA;VIE;OSL;14:45:00;09:15:00;09:23:00;8;1;3;;2021-03-03
FlyUIBK;BER;VIE;14:45:00;22:25:00;22:36:00;11;1;1;170;2021-03-04
FlyUIBK;BER;VIE;18:10:00;14:40:00;14:43:00;3;1;1;109;2021-03-05
FlyUIBK;BER;VIE;09:10:00;07:50:00;08:06:00;16;1;1;202;2021-03-05
LDA;VIE;BER;18:05:00;07:50:00;08:06:00;16;1;2;;2021-03-05
LDA;VIE;BER;14:45:00;14:40:00;14:42:00;2;1;2;;2021-03-07
LDA;VIE;OSL;20:20:00;15:15:00;15:34:00;19;1;3;;2021-03-07
FlyUIBK;OSL;VIE;13:35:00;10:40:00;10:46:00;6;1;4;199;2021-03-08
LDA;BER;VIE;20:45:00;21:35:00;22:11:00;36;1;1;;2021-03-09
LDA;VIE;BER;13:10:00;10:40:00;11:34:00;54;1;2;;2021-03-09
LDA;BER;VIE;13:35:00;23:35:00;23:47:00;12;1;1;;2021-03-10
LDA;VIE;OSL;13:35:00;21:35:00;21:55:00;20;1;3;;2021-03-10
LDA;VIE;BER;18:10:00;23:35:00;23:33:00;-2;0;2;;2021-03-11
LDA;VIE;BER;20:45:00;15:15:00;15:28:00;13;1;2;;2021-03-12
LDA;OSL;VIE;09:10:00;09:15:00;09:11:00;-4;0;4;;2021-03-12
FlyUIBK;VIE;BER;06:35:00;23:35:00;01:03:00;88;1;2;68;2021-03-13
FlyUIBK;VIE;BER;21:55:00;16:15:00;18:41:00;146;1;2;86;2021-03-13
FlyUIBK;OSL;VIE;14:45:00;23:35:00;00:44:00;69;1;4;147;2021-03-13
LDA;BER;VIE;20:45:00;10:40:00;11:00:00;20;1;1;;2021-03-14
LDA;VIE;BER;07:45:00;22:25:00;22:40:00;15;1;2;;2021-03-14
FlyUIBK;OSL;VIE;14:45:00;22:15:00;22:17:00;2;1;4;178;2021-03-14
FlyUIBK;BER;VIE;21:15:00;19:15:00;19:28:00;13;1;1;99;2021-03-15
LDA;VIE;OSL;21:15:00;10:40:00;10:53:00;13;1;3;;2021-03-15
FlyUIBK;OSL;VIE;06:35:00;19:15:00;19:24:00;9;1;4;211;2021-03-15
FlyUIBK;OSL;VIE;20:45:00;10:40:00;10:55:00;15;1;4;172;2021-03-15
LDA;BER;VIE;07:45:00;09:15:00;10:32:00;77;1;1;;2021-03-16
FlyUIBK;BER;VIE;06:35:00;22:15:00;23:40:00;85;1;1;54;2021-03-16
LDA;VIE;BER;18:10:00;22:15:00;22:57:00;42;1;2;;2021-03-16
LDA;VIE;BER;18:05:00;07:50:00;09:11:00;81;1;2;;2021-03-16
FlyUIBK;VIE;OSL;20:20:00;10:40:00;11:06:00;26;1;3;168;2021-03-16
FlyUIBK;VIE;OSL;06:35:00;19:40:00;19:41:00;1;1;3;159;2021-03-17
LDA;OSL;VIE;13:10:00;19:40:00;19:39:00;-1;0;4;;2021-03-17
LDA;BER;VIE;21:15:00;09:15:00;09:13:00;-2;0;1;;2021-03-18
FlyUIBK;BER;VIE;21:15:00;09:15:00;09:33:00;18;1;1;141;2021-03-18
LDA;VIE;BER;13:10:00;07:50:00;07:59:00;9;1;2;;2021-03-18
FlyUIBK;VIE;OSL;18:05:00;07:50:00;07:51:00;1;1;3;97;2021-03-19
FlyUIBK;VIE;OSL;21:15:00;16:15:00;16:21:00;6;1;3;103;2021-03-21
FlyUIBK;BER;VIE;09:10:00;16:15:00;16:23:00;8;1;1;100;2021-03-22
FlyUIBK;VIE;BER;09:10:00;19:40:00;21:27:00;107;1;2;87;2021-03-23
LDA;VIE;OSL;20:45:00;15:15:00;15:16:00;1;1;3;;2021-03-24
FlyUIBK;VIE;OSL;06:35:00;07:50:00;08:10:00;20;1;3;218;2021-03-25
FlyUIBK;BER;VIE;21:15:00;22:15:00;22:17:00;2;1;1;116;2021-03-26
LDA;VIE;BER;18:10:00;23:35:00;23:43:00;8;1;2;;2021-03-26
LDA;VIE;BER;21:55:00;22:25:00;22:22:00;-3;0;2;;2021-03-26
FlyUIBK;VIE;BER;20:45:00;09:15:00;09:28:00;13;1;2;181;2021-03-26
LDA;VIE;BER;13:35:00;07:50:00;07:53:00;3;1;2;;2021-03-27
LDA;VIE;BER;21:55:00;22:15:00;23:39:00;84;1;2;;2021-03-27
FlyUIBK;OSL;VIE;09:10:00;19:15:00;19:25:00;10;1;4;97;2021-03-27
FlyUIBK;VIE;BER;13:35:00;19:40:00;19:41:00;1;1;2;141;2021-03-28
LDA;VIE;BER;21:55:00;21:35:00;21:50:00;15;1;2;;2021-03-28
LDA;VIE;OSL;13:10:00;21:35:00;21:55:00;20;1;3;;2021-03-28
FlyUIBK;VIE;OSL;18:10:00;22:15:00;22:23:00;8;1;3;219;2021-03-28
LDA;BER;VIE;09:10:00;19:15:00;19:18:00;3;1;1;;2021-03-29
LDA;BER;VIE;18:10:00;22:15:00;22:23:00;8;1;1;;2021-03-29
LDA;VIE;BER;13:10:00;22:25:00;22:42:00;17;1;2;;2021-03-29
LDA;BER;VIE;14:45:00;09:15:00;11:10:00;115;1;1;;2021-03-30
LDA;BER;VIE;20:45:00;07:50:00;07:44:00;-6;0;1;;2021-03-31
LDA;BER;VIE;21:55:00;16:15:00;16:24:00;9;1;1;;2021-03-31
FlyUIBK;BER;VIE;09:10:00;21:35:00;21:29:00;-6;0;1;116;2021-03-31
LDA;VIE;BER;14:45:00;22:15:00;22:28:00;13;1;2;;2021-03-31
LDA;OSL;VIE;21:55:00;10:40:00;10:54:00;14;1;4;;2021-03-31
FlyUIBK;OSL;VIE;06:35:00;10:40:00;10:32:00;-8;0;4;134;2021-03-31
FlyUIBK;VIE;BER;07:45:00;22:15:00;22:11:00;-4;0;2;106;2021-04-01
LDA;VIE;BER;13:10:00;07:50:00;08:09:00;19;1;2;;2021-04-01
FlyUIBK;VIE;BER;13:35:00;19:40:00;19:47:00;7;1;2;112;2021-04-02
LDA;VIE;BER;13:35:00;22:15:00;22:27:00;12;1;2;;2021-04-02
LDA;VIE;OSL;20:45:00;21:35:00;21:38:00;3;1;3;;2021-04-02
LDA;OSL;VIE;21:55:00;22:15:00;22:16:00;1;1;4;;2021-04-02
FlyUIBK;OSL;VIE;21:15:00;19:15:00;19:20:00;5;1;4;139;2021-04-02
FlyUIBK;BER;VIE;13:10:00;19:40:00;22:03:00;143;1;1;108;2021-04-03
LDA;BER;VIE;14:45:00;14:40:00;16:24:00;104;1;1;;2021-04-03
FlyUIBK;VIE;OSL;21:55:00;22:25:00;23:42:00;77;1;3;64;2021-04-03
LDA;BER;VIE;18:05:00;14:40:00;14:51:00;11;1;1;;2021-04-04
FlyUIBK;BER;VIE;21:15:00;19:40:00;19:50:00;10;1;1;125;2021-04-04
LDA;OSL;VIE;21:15:00;22:25:00;22:38:00;13;1;4;;2021-04-04
FlyUIBK;OSL;VIE;18:05:00;15:15:00;15:16:00;1;1;4;151;2021-04-04
FlyUIBK;VIE;BER;13:35:00;19:40:00;19:46:00;6;1;2;152;2021-04-05
FlyUIBK;VIE;OSL;14:45:00;23:35:00;23:46:00;11;1;3;202;2021-04-05
FlyUIBK;OSL;VIE;09:10:00;07:50:00;08:35:00;45;1;4;84;2021-04-06
FlyUIBK;VIE;BER;21:15:00;10:40:00;10:54:00;14;1;2;104;2021-04-07
LDA;OSL;VIE;09:10:00;19:15:00;19:21:00;6;1;4;;2021-04-07
FlyUIBK;VIE;OSL;21:55:00;16:15:00;16:18:00;3;1;3;72;2021-04-08
LDA;BER;VIE;21:55:00;19:15:00;19:10:00;-5;0;1;;2021-04-09
FlyUIBK;VIE;OSL;06:35:00;19:15:00;19:21:00;6;1;3;134;2021-04-09
FlyUIBK;VIE;OSL;13:35:00;07:50:00;07:58:00;8;1;3;122;2021-04-09
FlyUIBK;VIE;OSL;14:45:00;10:40:00;10:46:00;6;1;3;202;2021-04-09
FlyUIBK;OSL;VIE;21:55:00;22:15:00;22:12:00;-3;0;4;83;2021-04-09
FlyUIBK;OSL;VIE;21:55:00;22:25:00;22:30:00;5;1;4;105;2021-04-09
FlyUIBK;BER;VIE;14:45:00;23:35:00;00:16:00;41;1;1;80;2021-04-10
FlyUIBK;OSL;VIE;21:55:00;19:40:00;21:23:00;103;1;4;56;2021-04-10
LDA;OSL;VIE;07:45:00;22:15:00;23:38:00;83;1;4;;2021-04-10
LDA;BER;VIE;21:15:00;22:15:00;22:16:00;1;1;1;;2021-04-11
LDA;OSL;VIE;09:10:00;19:40:00;19:48:00;8;1;4;;2021-04-11
FlyUIBK;BER;VIE;14:45:00;19:15:00;19:20:00;5;1;1;74;2021-04-12
FlyUIBK;VIE;BER;06:35:00;19:40:00;19:42:00;2;1;2;75;2021-04-12
LDA;VIE;BER;06:35:00;07:50:00;08:10:00;20;1;2;;2021-04-12
FlyUIBK;VIE;BER;13:10:00;10:40:00;10:46:00;6;1;2;121;2021-04-12
LDA;VIE;OSL;18:05:00;21:35:00;21:35:00;0;0;3;;2021-04-12
FlyUIBK;VIE;OSL;21:15:00;07:50:00;07:53:00;3;1;3;78;2021-04-12
LDA;VIE;OSL;21:15:00;21:35:00;21:52:00;17;1;3;;2021-04-12
FlyUIBK;BER;VIE;13:35:00;15:15:00;15:18:00;3;1;1;178;2021-04-13
FlyUIBK;BER;VIE;20:45:00;23:35:00;00:06:00;31;1;1;190;2021-04-13
FlyUIBK;VIE;OSL;18:05:00;21:35:00;22:41:00;66;1;3;76;2021-04-13
FlyUIBK;BER;VIE;06:35:00;19:40:00;19:40:00;0;0;1;84;2021-04-14
FlyUIBK;BER;VIE;21:55:00;23:35:00;23:41:00;6;1;1;205;2021-04-14
LDA;VIE;OSL;07:45:00;16:15:00;16:30:00;15;1;3;;2021-04-14
FlyUIBK;OSL;VIE;13:10:00;09:15:00;09:06:00;-9;0;4;72;2021-04-14
FlyUIBK;VIE;BER;06:35:00;09:15:00;09:18:00;3;1;2;194;2021-04-15
FlyUIBK;OSL;VIE;14:45:00;07:50:00;07:50:00;0;0;4;217;2021-04-15
FlyUIBK;VIE;BER;18:10:00;16:15:00;16:23:00;8;1;2;112;2021-04-16
FlyUIBK;VIE;BER;21:15:00;21:35:00;22:27:00;52;1;2;209;2021-04-17
FlyUIBK;VIE;BER;21:15:00;16:15:00;18:17:00;122;1;2;151;2021-04-17
LDA;VIE;OSL;07:45:00;21:35:00;23:06:00;91;1;3;;2021-04-17
LDA;BER;VIE;18:05:00;23:35:00;23:51:00;16;1;1;;2021-04-18
FlyUIBK;VIE;OSL;14:45:00;23:35:00;23:42:00;7;1;3;218;2021-04-18
FlyUIBK;VIE;OSL;20:20:00;15:15:00;15:17:00;2;1;3;161;2021-04-18
FlyUIBK;VIE;BER;09:10:00;23:35:00;23:53:00;18;1;2;66;2021-04-19
LDA;VIE;BER;21:15:00;10:40:00;10:44:00;4;1;2;;2021-04-19
FlyUIBK;VIE;OSL;18:10:00;19:40:00;19:40:00;0;0;3;211;2021-04-19
FlyUIBK;OSL;VIE;09:10:00;22:15:00;22:16:00;1;1;4;86;2021-04-19
FlyUIBK;BER;VIE;18:10:00;23:35:00;01:55:00;140;1;1;211;2021-04-20
LDA;VIE;OSL;21:55:00;22:25:00;22:49:00;24;1;3;;2021-04-20
LDA;OSL;VIE;20:20:00;10:40:00;11:17:00;37;1;4;;2021-04-20
FlyUIBK;VIE;BER;21:15:00;23:35:00;23:32:00;-3;0;2;157;2021-04-21
LDA;VIE;BER;09:10:00;23:35:00;23:44:00;9;1;2;;2021-04-22
LDA;OSL;VIE;20:20:00;14:40:00;14:39:00;-1;0;4;;2021-04-22
FlyUIBK;OSL;VIE;21:55:00;16:15:00;16:16:00;1;1;4;200;2021-04-22
FlyUIBK;OSL;VIE;18:05:00;15:15:00;15:29:00;14;1;4;216;2021-04-22
FlyUIBK;VIE;BER;20:45:00;19:15:00;19:32:00;17;1;2;70;2021-04-23
FlyUIBK;VIE;BER;13:10:00;21:35:00;21:48:00;13;1;2;155;2021-04-23
LDA;VIE;BER;07:45:00;22:25:00;22:20:00;-5;0;2;;2021-04-23
LDA;VIE;OSL;09:10:00;14:40:00;14:54:00;14;1;3;;2021-04-23
FlyUIBK;VIE;OSL;18:05:00;10:40:00;12:27:00;107;1;3;116;2021-04-24
FlyUIBK;OSL;VIE;14:45:00;19:40:00;21:57:00;137;1;4;188;2021-04-24
LDA;OSL;VIE;18:10:00;15:15:00;15:17:00;2;1;4;;2021-04-25
LDA;VIE;OSL;14:45:00;10:40:00;13:00:00;140;1;3;;2021-04-27
LDA;OSL;VIE;13:35:00;07:50:00;10:16:00;146;1;4;;2021-04-27
LDA;BER;VIE;13:35:00;15:15:00;15:29:00;14;1;1;;2021-04-28
LDA;OSL;VIE;21:15:00;14:40:00;14:33:00;-7;0;4;;2021-04-28
FlyUIBK;BER;VIE;21:15:00;15:15:00;15:24:00;9;1;1;179;2021-04-30
LDA;BER;VIE;21:15:00;10:40:00;10:53:00;13;1;1;;2021-04-30
FlyUIBK;BER;VIE;21:15:00;07:50:00;07:46:00;-4;0;1;95;2021-04-30
LDA;BER;VIE;13:10:00;19:40:00;19:58:00;18;1;1;;2021-04-30
LDA;BER;VIE;09:10:00;07:50:00;07:51:00;1;1;1;;2021-04-30
LDA;BER;VIE;07:45:00;22:25:00;22:45:00;20;1;1;;2021-04-30
LDA;VIE;BER;14:45:00;07:50:00;07:48:00;-2;0;2;;2021-04-30
LDA;VIE;OSL;21:55:00;22:25:00;22:44:00;19;1;3;;2021-04-30
LDA;VIE;OSL;06:35:00;16:15:00;16:31:00;16;1;3;;2021-04-30
FlyUIBK;VIE;BER;20:45:00;14:40:00;16:28:00;108;1;2;133;2021-05-01
LDA;OSL;VIE;18:10:00;19:15:00;19:18:00;3;1;4;;2021-05-01
LDA;BER;VIE;07:45:00;21:35:00;21:55:00;20;1;1;;2021-05-02
FlyUIBK;VIE;OSL;14:45:00;22:15:00;22:24:00;9;1;3;183;2021-05-02
LDA;OSL;VIE;21:55:00;22:25:00;22:30:00;5;1;4;;2021-05-02
LDA;BER;VIE;18:10:00;19:40:00;19:52:00;12;1;1;;2021-05-03
LDA;BER;VIE;06:35:00;23:35:00;23:48:00;13;1;1;;2021-05-03
FlyUIBK;VIE;BER;20:45:00;19:40:00;19:59:00;19;1;2;142;2021-05-03
LDA;VIE;OSL;13:10:00;16:15:00;16:17:00;2;1;3;;2021-05-03
LDA;BER;VIE;21:55:00;14:40:00;16:47:00;127;1;1;;2021-05-04
LDA;VIE;BER;21:55:00;22:25:00;23:51:00;86;1;2;;2021-05-04
FlyUIBK;VIE;BER;13:35:00;07:50:00;09:26:00;96;1;2;69;2021-05-04
LDA;OSL;VIE;18:10:00;22:15:00;00:04:00;109;1;4;;2021-05-04
LDA;BER;VIE;18:05:00;21:35:00;21:25:00;-10;0;1;;2021-05-05
LDA;BER;VIE;21:15:00;15:15:00;15:07:00;-8;0;1;;2021-05-05
FlyUIBK;OSL;VIE;14:45:00;19:15:00;19:10:00;-5;0;4;136;2021-05-05
LDA;VIE;BER;13:10:00;14:40:00;14:42:00;2;1;2;;2021-05-06
FlyUIBK;VIE;BER;13:10:00;22:25:00;22:39:00;14;1;2;178;2021-05-06
LDA;VIE;OSL;06:35:00;19:40:00;19:46:00;6;1;3;;2021-05-06
FlyUIBK;VIE;OSL;14:45:00;21:35:00;21:50:00;15;1;3;61;2021-05-06
FlyUIBK;BER;VIE;21:15:00;23:35:00;23:45:00;10;1;1;208;2021-05-07
LDA;VIE;BER;20:20:00;16:15:00;16:14:00;-1;0;2;;2021-05-07
LDA;VIE;OSL;13:10:00;22:15:00;22:11:00;-4;0;3;;2021-05-07
LDA;OSL;VIE;21:55:00;22:25:00;22:31:00;6;1;4;;2021-05-09
FlyUIBK;OSL;VIE;13:35:00;15:15:00;15:27:00;12;1;4;203;2021-05-09
LDA;VIE;BER;21:55:00;23:35:00;23:37:00;2;1;2;;2021-05-10
LDA;OSL;VIE;18:10:00;19:15:00;19:19:00;4;1;4;;2021-05-10
LDA;OSL;VIE;21:15:00;15:15:00;16:09:00;54;1;4;;2021-05-11
FlyUIBK;VIE;OSL;20:20:00;15:15:00;15:20:00;5;1;3;103;2021-05-12
LDA;OSL;VIE;13:35:00;22:25:00;22:38:00;13;1;4;;2021-05-12
LDA;VIE;BER;07:45:00;14:40:00;14:49:00;9;1;2;;2021-05-14
LDA;VIE;OSL;18:10:00;07:50:00;07:45:00;-5;0;3;;2021-05-14
LDA;VIE;OSL;20:20:00;09:15:00;09:24:00;9;1;3;;2021-05-14
LDA;OSL;VIE;20:20:00;10:40:00;10:38:00;-2;0;4;;2021-05-14
FlyUIBK;VIE;BER;13:10:00;16:15:00;17:24:00;69;1;2;147;2021-05-15
FlyUIBK;OSL;VIE;21:55:00;22:25:00;23:57:00;92;1;4;160;2021-05-15
LDA;VIE;BER;21:55:00;23:35:00;23:36:00;1;1;2;;2021-05-16
FlyUIBK;VIE;BER;18:10:00;16:15:00;16:22:00;7;1;2;157;2021-05-16
LDA;VIE;OSL;13:10:00;22:25:00;22:38:00;13;1;3;;2021-05-16
FlyUIBK;VIE;OSL;13:10:00;09:15:00;09:20:00;5;1;3;116;2021-05-16
LDA;OSL;VIE;13:10:00;16:15:00;16:21:00;6;1;4;;2021-05-16
LDA;BER;VIE;21:15:00;14:40:00;14:59:00;19;1;1;;2021-05-17
LDA;BER;VIE;18:05:00;10:40:00;10:44:00;4;1;1;;2021-05-17
LDA;VIE;BER;20:45:00;22:25:00;22:35:00;10;1;2;;2021-05-17
LDA;VIE;BER;21:15:00;16:15:00;17:17:00;62;1;2;;2021-05-18
FlyUIBK;VIE;OSL;18:05:00;21:35:00;23:07:00;92;1;3;66;2021-05-18
FlyUIBK;VIE;OSL;09:10:00;23:35:00;01:37:00;122;1;3;55;2021-05-18
LDA;OSL;VIE;13:35:00;19:40:00;21:46:00;126;1;4;;2021-05-18
LDA;OSL;VIE;18:10:00;10:40:00;11:22:00;42;1;4;;2021-05-18
FlyUIBK;OSL;VIE;07:45:00;21:35:00;23:26:00;111;1;4;127;2021-05-18
FlyUIBK;BER;VIE;21:55:00;21:35:00;21:35:00;0;0;1;205;2021-05-19
LDA;BER;VIE;14:45:00;22:25:00;22:23:00;-2;0;1;;2021-05-19
LDA;VIE;OSL;13:10:00;19:40:00;19:31:00;-9;0;3;;2021-05-19
FlyUIBK;BER;VIE;07:45:00;14:40:00;14:35:00;-5;0;1;207;2021-05-20
LDA;BER;VIE;21:15:00;14:40:00;14:40:00;0;0;1;;2021-05-20
LDA;VIE;OSL;13:10:00;09:15:00;09:31:00;16;1;3;;2021-05-20
FlyUIBK;VIE;OSL;18:10:00;19:40:00;19:46:00;6;1;3;87;2021-05-20
LDA;OSL;VIE;13:35:00;22:15:00;22:11:00;-4;0;4;;2021-05-20
FlyUIBK;VIE;BER;07:45:00;16:15:00;16:25:00;10;1;2;73;2021-05-21
FlyUIBK;OSL;VIE;06:35:00;22:15:00;22:28:00;13;1;4;212;2021-05-21
FlyUIBK;OSL;VIE;13:35:00;09:15:00;09:10:00;-5;0;4;202;2021-05-21
FlyUIBK;OSL;VIE;18:05:00;22:15:00;23:14:00;59;1;4;186;2021-05-22
LDA;BER;VIE;18:05:00;10:40:00;10:49:00;9;1;1;;2021-05-23
FlyUIBK;VIE;OSL;18:05:00;07:50:00;07:55:00;5;1;3;150;2021-05-23
FlyUIBK;BER;VIE;21:15:00;22:15:00;22:26:00;11;1;1;63;2021-05-24
LDA;VIE;BER;21:15:00;19:40:00;19:56:00;16;1;2;;2021-05-24
FlyUIBK;VIE;BER;21:55:00;19:15:00;19:31:00;16;1;2;141;2021-05-24
FlyUIBK;VIE;OSL;21:55:00;14:40:00;14:42:00;2;1;3;171;2021-05-24
FlyUIBK;VIE;OSL;07:45:00;22:15:00;22:15:00;0;0;3;150;2021-05-24
FlyUIBK;BER;VIE;09:10:00;23:35:00;23:51:00;16;1;1;50;2021-05-26
FlyUIBK;BER;VIE;18:05:00;07:50:00;08:02:00;12;1;1;76;2021-05-26
FlyUIBK;VIE;BER;09:10:00;19:40:00;19:50:00;10;1;2;109;2021-05-26
LDA;VIE;OSL;13:35:00;21:35:00;21:52:00;17;1;3;;2021-05-26
FlyUIBK;OSL;VIE;09:10:00;23:35:00;23:31:00;-4;0;4;175;2021-05-26
LDA;BER;VIE;20:20:00;16:15:00;16:11:00;-4;0;1;;2021-05-27
LDA;VIE;OSL;20:45:00;22:25:00;22:40:00;15;1;3;;2021-05-27
FlyUIBK;BER;VIE;13:35:00;19:40:00;21:07:00;87;1;1;127;2021-05-29
FlyUIBK;VIE;BER;07:45:00;07:50:00;10:11:00;141;1;2;137;2021-05-29
LDA;VIE;BER;18:10:00;15:15:00;15:21:00;6;1;2;;2021-05-30
FlyUIBK;VIE;OSL;14:45:00;07:50:00;08:00:00;10;1;3;197;2021-05-30
LDA;VIE;OSL;14:45:00;19:15:00;19:25:00;10;1;3;;2021-05-30
LDA;VIE;OSL;21:15:00;14:40:00;14:55:00;15;1;3;;2021-05-30
FlyUIBK;VIE;OSL;13:35:00;14:40:00;14:47:00;7;1;3;217;2021-05-30
FlyUIBK;OSL;VIE;20:45:00;22:25:00;22:29:00;4;1;4;190;2021-05-30
FlyUIBK;VIE;BER;09:10:00;15:15:00;15:25:00;10;1;2;113;2021-05-31
LDA;VIE;BER;18:05:00;14:40:00;14:56:00;16;1;2;;2021-05-31
LDA;OSL;VIE;13:35:00;16:15:00;16:25:00;10;1;4;;2021-05-31
FlyUIBK;OSL;VIE;18:05:00;22:25:00;00:07:00;102;1;4;105;2021-06-01
LDA;OSL;VIE;13:35:00;19:15:00;20:53:00;98;1;4;;2021-06-01
FlyUIBK;OSL;VIE;13:10:00;07:50:00;08:08:00;18;1;4;183;2021-06-01
LDA;BER;VIE;09:10:00;22:25:00;22:22:00;-3;0;1;;2021-06-02
FlyUIBK;BER;VIE;20:45:00;07:50:00;07:43:00;-7;0;1;203;2021-06-02
LDA;VIE;BER;14:45:00;23:35:00;23:30:00;-5;0;2;;2021-06-02
FlyUIBK;VIE;BER;13:10:00;23:35:00;23:52:00;17;1;2;170;2021-06-02
LDA;VIE;OSL;07:45:00;22:25:00;22:38:00;13;1;3;;2021-06-02
LDA;OSL;VIE;06:35:00;21:35:00;21:46:00;11;1;4;;2021-06-02
FlyUIBK;OSL;VIE;09:10:00;15:15:00;15:26:00;11;1;4;96;2021-06-02
LDA;OSL;VIE;14:45:00;09:15:00;09:12:00;-3;0;4;;2021-06-03
LDA;VIE;BER;20:20:00;09:15:00;09:29:00;14;1;2;;2021-06-04
LDA;VIE;OSL;20:45:00;23:35:00;23:50:00;15;1;3;;2021-06-04
FlyUIBK;OSL;VIE;06:35:00;14:40:00;14:48:00;8;1;4;131;2021-06-04
FlyUIBK;VIE;BER;13:10:00;22:25:00;00:25:00;120;1;2;130;2021-06-05
LDA;VIE;OSL;18:05:00;10:40:00;11:47:00;67;1;3;;2021-06-05
LDA;OSL;VIE;18:05:00;07:50:00;08:14:00;24;1;4;;2021-06-05
FlyUIBK;OSL;VIE;20:20:00;19:15:00;20:30:00;75;1;4;201;2021-06-05
FlyUIBK;OSL;VIE;06:35:00;21:35:00;22:14:00;39;1;4;84;2021-06-05
FlyUIBK;BER;VIE;18:05:00;23:35:00;23:36:00;1;1;1;87;2021-06-06
LDA;BER;VIE;13:35:00;09:15:00;09:25:00;10;1;1;;2021-06-06
FlyUIBK;OSL;VIE;14:45:00;14:40:00;14:58:00;18;1;4;209;2021-06-07
FlyUIBK;OSL;VIE;07:45:00;22:15:00;22:18:00;3;1;4;80;2021-06-07
LDA;OSL;VIE;13:10:00;07:50:00;09:30:00;100;1;4;;2021-06-08
LDA;OSL;VIE;13:35:00;21:35:00;23:21:00;106;1;4;;2021-06-08
LDA;OSL;VIE;18:10:00;19:15:00;20:33:00;78;1;4;;2021-06-08
FlyUIBK;VIE;OSL;20:45:00;16:15:00;16:33:00;18;1;3;58;2021-06-10
FlyUIBK;OSL;VIE;09:10:00;16:15:00;16:34:00;19;1;4;114;2021-06-10
FlyUIBK;BER;VIE;06:35:00;19:15:00;19:15:00;0;0;1;128;2021-06-11
FlyUIBK;VIE;OSL;13:35:00;22:15:00;22:11:00;-4;0;3;93;2021-06-11
FlyUIBK;VIE;OSL;14:45:00;10:40:00;11:52:00;72;1;3;198;2021-06-12
LDA;OSL;VIE;20:45:00;22:25:00;00:51:00;146;1;4;;2021-06-12
FlyUIBK;BER;VIE;20:20:00;19:40:00;19:51:00;11;1;1;190;2021-06-13
LDA;VIE;BER;13:10:00;22:25:00;22:43:00;18;1;2;;2021-06-13
FlyUIBK;BER;VIE;09:10:00;19:40:00;19:44:00;4;1;1;168;2021-06-14
FlyUIBK;BER;VIE;20:45:00;21:35:00;21:48:00;13;1;1;86;2021-06-14
LDA;BER;VIE;14:45:00;10:40:00;10:48:00;8;1;1;;2021-06-14
LDA;VIE;BER;07:45:00;10:40:00;10:56:00;16;1;2;;2021-06-14
FlyUIBK;BER;VIE;21:15:00;21:35:00;23:35:00;120;1;1;52;2021-06-15
LDA;BER;VIE;20:45:00;07:50:00;08:19:00;29;1;1;;2021-06-15
LDA;VIE;BER;09:10:00;10:40:00;12:56:00;136;1;2;;2021-06-15
FlyUIBK;BER;VIE;13:10:00;16:15:00;16:31:00;16;1;1;189;2021-06-16
LDA;VIE;BER;20:20:00;19:40:00;19:47:00;7;1;2;;2021-06-16
LDA;OSL;VIE;06:35:00;22:25:00;22:35:00;10;1;4;;2021-06-16
LDA;BER;VIE;18:05:00;16:15:00;16:25:00;10;1;1;;2021-06-17
FlyUIBK;BER;VIE;21:55:00;21:35:00;21:37:00;2;1;1;95;2021-06-17
FlyUIBK;BER;VIE;09:10:00;19:15:00;19:34:00;19;1;1;185;2021-06-17
FlyUIBK;VIE;BER;09:10:00;14:40:00;14:53:00;13;1;2;117;2021-06-17
LDA;VIE;OSL;18:05:00;22:15:00;22:22:00;7;1;3;;2021-06-17
FlyUIBK;OSL;VIE;13:35:00;09:15:00;09:32:00;17;1;4;114;2021-06-17
LDA;VIE;OSL;13:10:00;19:40:00;19:56:00;16;1;3;;2021-06-18
FlyUIBK;OSL;VIE;18:05:00;22:15:00;22:15:00;0;0;4;61;2021-06-18
LDA;BER;VIE;07:45:00;14:40:00;17:02:00;142;1;1;;2021-06-19
LDA;BER;VIE;20:20:00;22:25:00;22:50:00;25;1;1;;2021-06-19
FlyUIBK;VIE;BER;20:45:00;19:40:00;22:01:00;141;1;2;80;2021-06-19
FlyUIBK;OSL;VIE;06:35:00;16:15:00;17:23:00;68;1;4;148;2021-06-19
FlyUIBK;OSL;VIE;09:10:00;09:15:00;11:11:00;116;1;4;57;2021-06-19
LDA;BER;VIE;20:20:00;21:35:00;21:51:00;16;1;1;;2021-06-20
LDA;VIE;OSL;20:45:00;09:15:00;09:31:00;16;1;3;;2021-06-20
LDA;BER;VIE;14:45:00;07:50:00;07:50:00;0;0;1;;2021-06-21
FlyUIBK;VIE;OSL;20:20:00;07:50:00;08:04:00;14;1;3;161;2021-06-21
FlyUIBK;VIE;OSL;13:35:00;22:15:00;22:34:00;19;1;3;113;2021-06-21
FlyUIBK;VIE;OSL;18:05:00;14:40:00;14:45:00;5;1;3;194;2021-06-21
FlyUIBK;OSL;VIE;20:20:00;07:50:00;07:54:00;4;1;4;217;2021-06-21
LDA;OSL;VIE;07:45:00;22:25:00;22:31:00;6;1;4;;2021-06-21
FlyUIBK;BER;VIE;06:35:00;21:35:00;22:01:00;26;1;1;144;2021-06-22
FlyUIBK;BER;VIE;13:10:00;15:15:00;16:42:00;87;1;1;52;2021-06-22
FlyUIBK;OSL;VIE;13:35:00;21:35:00;22:52:00;77;1;4;138;2021-06-22
FlyUIBK;OSL;VIE;18:10:00;21:35:00;21:41:00;6;1;4;176;2021-06-23
LDA;BER;VIE;21:55:00;14:40:00;14:59:00;19;1;1;;2021-06-24
LDA;VIE;BER;18:10:00;19:15:00;19:15:00;0;0;2;;2021-06-24
FlyUIBK;VIE;BER;21:55:00;19:15:00;19:30:00;15;1;2;126;2021-06-24
LDA;VIE;OSL;20:20:00;10:40:00;10:55:00;15;1;3;;2021-06-24
LDA;VIE;OSL;20:45:00;15:15:00;15:25:00;10;1;3;;2021-06-24
LDA;OSL;VIE;07:45:00;15:15:00;15:15:00;0;0;4;;2021-06-24
LDA;VIE;BER;20:20:00;16:15:00;16:33:00;18;1;2;;2021-06-25
LDA;OSL;VIE;07:45:00;10:40:00;10:41:00;1;1;4;;2021-06-25
LDA;BER;VIE;07:45:00;10:40:00;11:32:00;52;1;1;;2021-06-26
LDA;VIE;BER;14:45:00;07:50:00;08:10:00;20;1;2;;2021-06-26
LDA;VIE;BER;13:35:00;10:40:00;12:44:00;124;1;2;;2021-06-26
FlyUIBK;BER;VIE;21:55:00;15:15:00;15:35:00;20;1;1;187;2021-06-27
FlyUIBK;VIE;BER;18:05:00;23:35:00;23:44:00;9;1;2;142;2021-06-27
LDA;VIE;OSL;18:10:00;15:15:00;15:29:00;14;1;3;;2021-06-27
FlyUIBK;VIE;OSL;18:05:00;19:40:00;19:56:00;16;1;3;60;2021-06-27
LDA;VIE;OSL;18:05:00;15:15:00;15:23:00;8;1;3;;2021-06-27
FlyUIBK;BER;VIE;18:10:00;14:40:00;14:43:00;3;1;1;101;2021-06-28
FlyUIBK;BER;VIE;18:10:00;09:15:00;09:28:00;13;1;1;174;2021-06-28
FlyUIBK;VIE;OSL;21:15:00;21:35:00;21:36:00;1;1;3;74;2021-06-28
FlyUIBK;OSL;VIE;18:05:00;22:25:00;22:39:00;14;1;4;207;2021-06-28
FlyUIBK;VIE;BER;06:35:00;14:40:00;16:15:00;95;1;2;219;2021-06-29
LDA;VIE;BER;21:15:00;09:15:00;09:36:00;21;1;2;;2021-06-29
LDA;VIE;OSL;07:45:00;19:15:00;20:26:00;71;1;3;;2021-06-29
FlyUIBK;OSL;VIE;13:35:00;19:40:00;21:33:00;113;1;4;130;2021-06-29
LDA;VIE;BER;18:05:00;16:15:00;16:05:00;-10;0;2;;2021-06-30
FlyUIBK;VIE;OSL;14:45:00;22:15:00;22:08:00;-7;0;3;114;2021-06-30
FlyUIBK;VIE;OSL;20:20:00;22:25:00;22:17:00;-8;0;3;164;2021-06-30
FlyUIBK;BER;VIE;21:55:00;19:40:00;19:39:00;-1;0;1;182;2021-07-01
FlyUIBK;BER;VIE;13:10:00;07:50:00;08:02:00;12;1;1;111;2021-07-01
LDA;VIE;BER;14:45:00;22:15:00;22:21:00;6;1;2;;2021-07-01
FlyUIBK;VIE;OSL;18:05:00;15:15:00;15:33:00;18;1;3;211;2021-07-01
FlyUIBK;BER;VIE;14:45:00;07:50:00;08:05:00;15;1;1;62;2021-07-02
FlyUIBK;OSL;VIE;20:20:00;16:15:00;16:31:00;16;1;4;78;2021-07-02
FlyUIBK;VIE;BER;20:45:00;23:35:00;00:11:00;36;1;2;132;2021-07-03
LDA;VIE;OSL;21:15:00;21:35:00;21:37:00;2;1;3;;2021-07-03
LDA;OSL;VIE;18:05:00;09:15:00;10:09:00;54;1;4;;2021-07-03
FlyUIBK;VIE;BER;13:10:00;21:35:00;21:51:00;16;1;2;138;2021-07-04
FlyUIBK;VIE;BER;21:55:00;14:40:00;14:53:00;13;1;2;194;2021-07-04
FlyUIBK;VIE;OSL;21:55:00;23:35:00;23:42:00;7;1;3;111;2021-07-04
FlyUIBK;VIE;OSL;21:15:00;22:25:00;22:30:00;5;1;3;219;2021-07-04
FlyUIBK;VIE;OSL;14:45:00;09:15:00;09:19:00;4;1;3;158;2021-07-04
FlyUIBK;VIE;OSL;09:10:00;22:15:00;22:19:00;4;1;3;125;2021-07-05
FlyUIBK;VIE;OSL;20:20:00;09:15:00;10:41:00;86;1;3;85;2021-07-06
FlyUIBK;OSL;VIE;20:45:00;09:15:00;11:14:00;119;1;4;88;2021-07-06
LDA;OSL;VIE;21:15:00;14:40:00;16:13:00;93;1;4;;2021-07-06
LDA;BER;VIE;14:45:00;16:15:00;16:26:00;11;1;1;;2021-07-07
LDA;VIE;BER;21:55:00;22:15:00;22:20:00;5;1;2;;2021-07-07
LDA;OSL;VIE;18:05:00;07:50:00;08:05:00;15;1;4;;2021-07-07
LDA;OSL;VIE;21:15:00;14:40:00;14:44:00;4;1;4;;2021-07-07
FlyUIBK;OSL;VIE;20:45:00;10:40:00;10:44:00;4;1;4;161;2021-07-07
FlyUIBK;BER;VIE;06:35:00;19:15:00;19:27:00;12;1;1;140;2021-07-08
FlyUIBK;BER;VIE;06:35:00;19:40:00;19:54:00;14;1;1;53;2021-07-09
FlyUIBK;BER;VIE;13:35:00;09:15:00;09:29:00;14;1;1;195;2021-07-09
LDA;VIE;BER;09:10:00;19:15:00;19:16:00;1;1;2;;2021-07-09
FlyUIBK;VIE;OSL;09:10:00;15:15:00;15:14:00;-1;0;3;119;2021-07-09
FlyUIBK;OSL;VIE;06:35:00;10:40:00;10:57:00;17;1;4;193;2021-07-09
LDA;BER;VIE;20:20:00;21:35:00;22:20:00;45;1;1;;2021-07-10
FlyUIBK;VIE;BER;18:10:00;22:15:00;23:25:00;70;1;2;150;2021-07-10
FlyUIBK;VIE;OSL;07:45:00;19:15:00;19:25:00;10;1;3;107;2021-07-10
FlyUIBK;VIE;OSL;06:35:00;14:40:00;14:58:00;18;1;3;97;2021-07-11
FlyUIBK;VIE;OSL;20:20:00;23:35:00;23:42:00;7;1;3;76;2021-07-11
FlyUIBK;OSL;VIE;14:45:00;22:15:00;22:24:00;9;1;4;82;2021-07-11
LDA;OSL;VIE;09:10:00;10:40:00;10:56:00;16;1;4;;2021-07-11
LDA;BER;VIE;21:15:00;23:35:00;23:42:00;7;1;1;;2021-07-12
FlyUIBK;BER;VIE;06:35:00;07:50:00;08:15:00;25;1;1;141;2021-07-13
FlyUIBK;OSL;VIE;21:55:00;14:40:00;14:43:00;3;1;4;145;2021-07-14
LDA;VIE;OSL;14:45:00;22:25:00;22:42:00;17;1;3;;2021-07-15
LDA;VIE;OSL;21:15:00;15:15:00;15:14:00;-1;0;3;;2021-07-15
LDA;OSL;VIE;13:35:00;22:15:00;22:33:00;18;1;4;;2021-07-15
LDA;BER;VIE;20:45:00;22:15:00;22:27:00;12;1;1;;2021-07-16
LDA;BER;VIE;06:35:00;15:15:00;15:28:00;13;1;1;;2021-07-16
FlyUIBK;VIE;BER;06:35:00;19:15:00;19:25:00;10;1;2;54;2021-07-16
LDA;VIE;OSL;14:45:00;09:15:00;09:34:00;19;1;3;;2021-07-16
LDA;OSL;VIE;14:45:00;16:15:00;16:29:00;14;1;4;;2021-07-16
FlyUIBK;OSL;VIE;06:35:00;22:25:00;22:22:00;-3;0;4;132;2021-07-16
LDA;BER;VIE;07:45:00;19:15:00;20:15:00;60;1;1;;2021-07-17
LDA;BER;VIE;14:45:00;22:25:00;23:42:00;77;1;1;;2021-07-17
FlyUIBK;VIE;BER;14:45:00;16:15:00;16:34:00;19;1;2;175;2021-07-18
FlyUIBK;OSL;VIE;20:20:00;22:15:00;22:16:00;1;1;4;112;2021-07-18
LDA;VIE;BER;13:35:00;07:50:00;08:01:00;11;1;2;;2021-07-19
LDA;OSL;VIE;06:35:00;21:35:00;21:47:00;12;1;4;;2021-07-19
LDA;VIE;BER;20:20:00;22:25:00;00:18:00;113;1;2;;2021-07-20
FlyUIBK;VIE;BER;20:20:00;15:15:00;16:06:00;51;1;2;85;2021-07-20
LDA;VIE;BER;07:45:00;09:15:00;09:55:00;40;1;2;;2021-07-20
FlyUIBK;VIE;OSL;14:45:00;15:15:00;15:31:00;16;1;3;202;2021-07-20
FlyUIBK;OSL;VIE;07:45:00;10:40:00;11:45:00;65;1;4;170;2021-07-20
LDA;VIE;BER;21:15:00;16:15:00;16:31:00;16;1;2;;2021-07-21
FlyUIBK;VIE;BER;21:15:00;09:15:00;09:34:00;19;1;2;210;2021-07-21
FlyUIBK;VIE;BER;21:15:00;23:35:00;23:36:00;1;1;2;84;2021-07-22
FlyUIBK;VIE;OSL;09:10:00;19:15:00;19:16:00;1;1;3;88;2021-07-22
LDA;OSL;VIE;18:10:00;23:35:00;23:36:00;1;1;4;;2021-07-22
LDA;OSL;VIE;18:10:00;10:40:00;10:51:00;11;1;4;;2021-07-22
LDA;BER;VIE;20:20:00;22:25:00;22:23:00;-2;0;1;;2021-07-23
FlyUIBK;BER;VIE;18:10:00;09:15:00;09:30:00;15;1;1;140;2021-07-23
FlyUIBK;VIE;OSL;14:45:00;21:35:00;21:43:00;8;1;3;179;2021-07-23
LDA;OSL;VIE;09:10:00;14:40:00;14:35:00;-5;0;4;;2021-07-23
FlyUIBK;BER;VIE;13:35:00;22:15:00;23:46:00;91;1;1;145;2021-07-24
FlyUIBK;VIE;BER;07:45:00;21:35:00;23:16:00;101;1;2;134;2021-07-24
FlyUIBK;VIE;BER;13:35:00;09:15:00;09:40:00;25;1;2;161;2021-07-24
FlyUIBK;VIE;OSL;21:15:00;21:35:00;23:48:00;133;1;3;193;2021-07-24
FlyUIBK;BER;VIE;09:10:00;19:15:00;19:19:00;4;1;1;215;2021-07-25
LDA;BER;VIE;06:35:00;15:15:00;15:20:00;5;1;1;;2021-07-25
LDA;VIE;OSL;20:20:00;07:50:00;08:01:00;11;1;3;;2021-07-25
LDA;VIE;OSL;18:10:00;21:35:00;21:40:00;5;1;3;;2021-07-25
FlyUIBK;OSL;VIE;21:15:00;09:15:00;09:27:00;12;1;4;64;2021-07-25
LDA;BER;VIE;21:15:00;22:15:00;22:27:00;12;1;1;;2021-07-26
LDA;BER;VIE;20:20:00;09:15:00;09:19:00;4;1;1;;2021-07-26
FlyUIBK;VIE;BER;20:20:00;21:35:00;21:39:00;4;1;2;68;2021-07-26
LDA;BER;VIE;13:10:00;21:35:00;22:36:00;61;1;1;;2021-07-27
FlyUIBK;VIE;OSL;21:15:00;09:15:00;09:27:00;12;1;3;186;2021-07-27
LDA;OSL;VIE;18:05:00;14:40:00;14:42:00;2;1;4;;2021-07-27
FlyUIBK;VIE;BER;06:35:00;15:15:00;15:32:00;17;1;2;215;2021-07-28
FlyUIBK;VIE;OSL;18:05:00;10:40:00;10:39:00;-1;0;3;173;2021-07-28
LDA;VIE;OSL;20:20:00;22:15:00;22:13:00;-2;0;3;;2021-07-29
LDA;VIE;OSL;21:15:00;22:15:00;22:32:00;17;1;3;;2021-07-29
LDA;OSL;VIE;18:05:00;09:15:00;09:30:00;15;1;4;;2021-07-29
LDA;OSL;VIE;09:10:00;19:40:00;19:57:00;17;1;4;;2021-07-29
LDA;VIE;BER;13:10:00;09:15:00;09:25:00;10;1;2;;2021-07-30
LDA;VIE;BER;13:10:00;15:15:00;15:29:00;14;1;2;;2021-07-30
FlyUIBK;VIE;OSL;20:45:00;10:40:00;10:41:00;1;1;3;130;2021-07-30
FlyUIBK;OSL;VIE;18:10:00;07:50:00;08:10:00;20;1;4;206;2021-07-30
LDA;BER;VIE;20:20:00;19:40:00;21:42:00;122;1;1;;2021-07-31
FlyUIBK;VIE;BER;07:45:00;10:40:00;11:55:00;75;1;2;53;2021-07-31
FlyUIBK;VIE;BER;20:45:00;22:15:00;00:32:00;137;1;2;177;2021-07-31
FlyUIBK;VIE;OSL;18:05:00;22:25:00;22:30:00;5;1;3;109;2021-07-31
FlyUIBK;VIE;OSL;18:10:00;09:15:00;11:44:00;149;1;3;109;2021-07-31
FlyUIBK;VIE;OSL;14:45:00;19:15:00;19:20:00;5;1;3;65;2021-07-31
LDA;VIE;OSL;18:05:00;15:15:00;17:37:00;142;1;3;;2021-07-31
FlyUIBK;OSL;VIE;14:45:00;19:15:00;20:14:00;59;1;4;150;2021-07-31
FlyUIBK;OSL;VIE;20:45:00;15:15:00;17:10:00;115;1;4;76;2021-07-31
LDA;BER;VIE;06:35:00;07:50:00;07:59:00;9;1;1;;2021-08-01
FlyUIBK;VIE;BER;21:15:00;15:15:00;15:16:00;1;1;2;50;2021-08-01
FlyUIBK;VIE;BER;09:10:00;22:25:00;22:26:00;1;1;2;51;2021-08-01
LDA;VIE;OSL;20:45:00;19:15:00;19:24:00;9;1;3;;2021-08-01
LDA;OSL;VIE;06:35:00;16:15:00;16:31:00;16;1;4;;2021-08-01
FlyUIBK;OSL;VIE;20:20:00;23:35:00;23:38:00;3;1;4;148;2021-08-01
LDA;VIE;OSL;18:10:00;15:15:00;16:34:00;79;1;3;;2021-08-03
FlyUIBK;OSL;VIE;20:45:00;22:15:00;23:24:00;69;1;4;84;2021-08-03
LDA;VIE;BER;14:45:00;09:15:00;09:20:00;5;1;2;;2021-08-04
FlyUIBK;VIE;BER;13:10:00;19:40:00;19:54:00;14;1;2;212;2021-08-04
FlyUIBK;VIE;OSL;07:45:00;09:15:00;09:12:00;-3;0;3;175;2021-08-04
LDA;VIE;OSL;06:35:00;19:40:00;19:36:00;-4;0;3;;2021-08-04
FlyUIBK;VIE;OSL;06:35:00;22:25:00;22:16:00;-9;0;3;70;2021-08-04
FlyUIBK;VIE;BER;14:45:00;21:35:00;21:40:00;5;1;2;50;2021-08-05
LDA;VIE;OSL;18:05:00;23:35:00;23:31:00;-4;0;3;;2021-08-06
FlyUIBK;OSL;VIE;14:45:00;19:15:00;19:29:00;14;1;4;107;2021-08-06
FlyUIBK;OSL;VIE;20:45:00;07:50:00;08:05:00;15;1;4;74;2021-08-06
LDA;VIE;BER;14:45:00;09:15:00;11:30:00;135;1;2;;2021-08-07
LDA;VIE;OSL;21:15:00;19:40:00;19:45:00;5;1;3;;2021-08-07
LDA;OSL;VIE;21:55:00;22:25:00;22:31:00;6;1;4;;2021-08-08
FlyUIBK;VIE;BER;20:20:00;19:15:00;19:35:00;20;1;2;69;2021-08-09
FlyUIBK;VIE;BER;13:35:00;22:15:00;22:17:00;2;1;2;218;2021-08-09
LDA;OSL;VIE;20:20:00;19:15:00;19:31:00;16;1;4;;2021-08-09
FlyUIBK;BER;VIE;13:35:00;16:15:00;17:08:00;53;1;1;162;2021-08-10
LDA;OSL;VIE;18:05:00;19:40:00;20:33:00;53;1;4;;2021-08-10
LDA;BER;VIE;20:45:00;14:40:00;14:52:00;12;1;1;;2021-08-11
FlyUIBK;VIE;BER;14:45:00;15:15:00;15:35:00;20;1;2;145;2021-08-12
LDA;BER;VIE;21:15:00;23:35:00;23:30:00;-5;0;1;;2021-08-13
LDA;OSL;VIE;06:35:00;15:15:00;15:24:00;9;1;4;;2021-08-13
LDA;VIE;BER;13:35:00;19:40:00;19:47:00;7;1;2;;2021-08-15
LDA;BER;VIE;06:35:00;10:40:00;10:56:00;16;1;1;;2021-08-16
LDA;VIE;BER;20:45:00;19:40:00;19:55:00;15;1;2;;2021-08-16
LDA;OSL;VIE;21:15:00;22:25:00;22:44:00;19;1;4;;2021-08-16
FlyUIBK;BER;VIE;07:45:00;19:15:00;20:24:00;69;1;1;115;2021-08-17
FlyUIBK;VIE;OSL;13:35:00;16:15:00;18:02:00;107;1;3;145;2021-08-17
FlyUIBK;BER;VIE;18:10:00;14:40:00;14:58:00;18;1;1;59;2021-08-18
FlyUIBK;VIE;BER;21:15:00;07:50:00;07:41:00;-9;0;2;174;2021-08-18
FlyUIBK;VIE;OSL;18:05:00;22:15:00;22:27:00;12;1;3;160;2021-08-18
LDA;BER;VIE;20:20:00;16:15:00;16:21:00;6;1;1;;2021-08-19
LDA;BER;VIE;09:10:00;15:15:00;15:19:00;4;1;1;;2021-08-19
LDA;VIE;OSL;18:05:00;07:50:00;07:53:00;3;1;3;;2021-08-19
LDA;OSL;VIE;06:35:00;15:15:00;15:14:00;-1;0;4;;2021-08-19
FlyUIBK;OSL;VIE;20:20:00;21:35:00;21:46:00;11;1;4;183;2021-08-19
FlyUIBK;VIE;BER;20:45:00;22:15:00;22:34:00;19;1;2;68;2021-08-20
FlyUIBK;VIE;BER;13:35:00;15:15:00;15:34:00;19;1;2;125;2021-08-20
LDA;VIE;OSL;07:45:00;21:35:00;21:38:00;3;1;3;;2021-08-20
FlyUIBK;VIE;BER;18:10:00;16:15:00;18:41:00;146;1;2;122;2021-08-21
LDA;BER;VIE;13:35:00;10:40:00;10:48:00;8;1;1;;2021-08-22
LDA;BER;VIE;06:35:00;19:40:00;19:55:00;15;1;1;;2021-08-22
FlyUIBK;VIE;BER;07:45:00;23:35:00;23:40:00;5;1;2;63;2021-08-22
FlyUIBK;VIE;BER;13:10:00;15:15:00;15:32:00;17;1;2;198;2021-08-22
LDA;VIE;OSL;09:10:00;07:50:00;07:53:00;3;1;3;;2021-08-22
LDA;BER;VIE;13:10:00;07:50:00;08:01:00;11;1;1;;2021-08-23
LDA;OSL;VIE;07:45:00;16:15:00;16:23:00;8;1;4;;2021-08-23
FlyUIBK;BER;VIE;20:20:00;19:40:00;20:24:00;44;1;1;101;2021-08-24
LDA;BER;VIE;20:45:00;19:40:00;20:42:00;62;1;1;;2021-08-24
FlyUIBK;VIE;BER;20:45:00;14:40:00;14:59:00;19;1;2;78;2021-08-25
LDA;BER;VIE;07:45:00;10:40:00;10:44:00;4;1;1;;2021-08-26
FlyUIBK;VIE;BER;06:35:00;15:15:00;15:26:00;11;1;2;141;2021-08-26
LDA;VIE;OSL;07:45:00;22:25:00;22:28:00;3;1;3;;2021-08-26
FlyUIBK;BER;VIE;14:45:00;19:15:00;19:31:00;16;1;1;165;2021-08-27
LDA;VIE;BER;14:45:00;10:40:00;10:50:00;10;1;2;;2021-08-27
LDA;VIE;BER;20:45:00;19:40:00;20:27:00;47;1;2;;2021-08-28
LDA;BER;VIE;21:55:00;15:15:00;15:18:00;3;1;1;;2021-08-29
LDA;VIE;BER;18:05:00;07:50:00;08:00:00;10;1;2;;2021-08-29
LDA;VIE;BER;13:10:00;23:35:00;23:38:00;3;1;2;;2021-08-29
LDA;VIE;OSL;06:35:00;07:50:00;07:56:00;6;1;3;;2021-08-29
LDA;VIE;OSL;21:15:00;19:15:00;19:29:00;14;1;3;;2021-08-29
LDA;BER;VIE;21:15:00;15:15:00;15:25:00;10;1;1;;2021-08-30
FlyUIBK;VIE;OSL;07:45:00;19:15:00;19:24:00;9;1;3;110;2021-08-31
LDA;OSL;VIE;20:45:00;21:35:00;21:54:00;19;1;4;;2021-08-31
FlyUIBK;OSL;VIE;18:10:00;21:35:00;21:50:00;15;1;4;191;2021-09-01
LDA;BER;VIE;21:55:00;07:50:00;08:06:00;16;1;1;;2021-09-02
FlyUIBK;BER;VIE;14:45:00;15:15:00;15:35:00;20;1;1;208;2021-09-02
FlyUIBK;VIE;BER;20:45:00;22:15:00;22:22:00;7;1;2;91;2021-09-02
LDA;OSL;VIE;18:10:00;10:40:00;10:57:00;17;1;4;;2021-09-02
FlyUIBK;OSL;VIE;18:05:00;22:15:00;22:30:00;15;1;4;153;2021-09-02
FlyUIBK;BER;VIE;07:45:00;23:35:00;23:52:00;17;1;1;176;2021-09-03
LDA;OSL;VIE;13:10:00;10:40:00;10:50:00;10;1;4;;2021-09-03
FlyUIBK;OSL;VIE;20:45:00;19:40:00;19:52:00;12;1;4;138;2021-09-03
FlyUIBK;VIE;BER;14:45:00;22:15:00;00:21:00;126;1;2;89;2021-09-04
LDA;OSL;VIE;18:05:00;07:50:00;09:34:00;104;1;4;;2021-09-04
FlyUIBK;VIE;BER;13:10:00;19:15:00;19:22:00;7;1;2;124;2021-09-05
LDA;VIE;BER;13:35:00;19:40:00;19:48:00;8;1;2;;2021-09-05
LDA;OSL;VIE;13:10:00;16:15:00;16:32:00;17;1;4;;2021-09-05
FlyUIBK;BER;VIE;20:20:00;22:25:00;22:39:00;14;1;1;151;2021-09-07
FlyUIBK;OSL;VIE;07:45:00;19:40:00;20:10:00;30;1;4;86;2021-09-07
LDA;VIE;BER;14:45:00;22:25:00;22:36:00;11;1;2;;2021-09-08
FlyUIBK;VIE;OSL;18:05:00;22:25:00;22:18:00;-7;0;3;127;2021-09-08
FlyUIBK;VIE;OSL;21:55:00;16:15:00;16:25:00;10;1;3;112;2021-09-08
FlyUIBK;OSL;VIE;07:45:00;14:40:00;14:30:00;-10;0;4;186;2021-09-08
FlyUIBK;OSL;VIE;18:10:00;19:40:00;19:33:00;-7;0;4;180;2021-09-08
LDA;VIE;OSL;20:45:00;19:40:00;19:44:00;4;1;3;;2021-09-09
LDA;VIE;OSL;18:10:00;22:25:00;22:27:00;2;1;3;;2021-09-10
FlyUIBK;OSL;VIE;18:05:00;14:40:00;14:47:00;7;1;4;76;2021-09-10
LDA;OSL;VIE;21:15:00;15:15:00;17:34:00;139;1;4;;2021-09-11
FlyUIBK;OSL;VIE;21:55:00;23:35:00;00:32:00;57;1;4;109;2021-09-11
FlyUIBK;VIE;OSL;18:10:00;22:15:00;22:28:00;13;1;3;219;2021-09-12
FlyUIBK;BER;VIE;18:05:00;22:25:00;22:43:00;18;1;1;81;2021-09-13
LDA;VIE;BER;18:05:00;09:15:00;09:34:00;19;1;2;;2021-09-13
LDA;VIE;BER;20:20:00;19:40:00;19:58:00;18;1;2;;2021-09-13
LDA;BER;VIE;13:35:00;07:50:00;09:40:00;110;1;1;;2021-09-14
LDA;OSL;VIE;13:35:00;19:15:00;20:01:00;46;1;4;;2021-09-14
LDA;BER;VIE;09:10:00;07:50:00;08:08:00;18;1;1;;2021-09-15
FlyUIBK;VIE;BER;13:10:00;23:35:00;23:29:00;-6;0;2;137;2021-09-15
FlyUIBK;VIE;BER;21:15:00;15:15:00;15:10:00;-5;0;2;91;2021-09-15
LDA;VIE;BER;07:45:00;22:25:00;22:43:00;18;1;2;;2021-09-15
LDA;VIE;BER;09:10:00;10:40:00;11:00:00;20;1;2;;2021-09-15
FlyUIBK;VIE;OSL;20:20:00;21:35:00;21:45:00;10;1;3;114;2021-09-15
FlyUIBK;VIE;OSL;13:10:00;07:50:00;07:55:00;5;1;3;135;2021-09-16
FlyUIBK;VIE;OSL;14:45:00;21:35:00;21:48:00;13;1;3;117;2021-09-16
LDA;OSL;VIE;18:05:00;09:15:00;09:26:00;11;1;4;;2021-09-16
LDA;BER;VIE;20:45:00;22:15:00;22:11:00;-4;0;1;;2021-09-17
FlyUIBK;VIE;BER;21:15:00;22:15:00;22:17:00;2;1;2;218;2021-09-17
LDA;OSL;VIE;18:10:00;07:50:00;08:09:00;19;1;4;;2021-09-17
FlyUIBK;BER;VIE;18:05:00;16:15:00;16:15:00;0;0;1;155;2021-09-18
FlyUIBK;VIE;BER;18:10:00;16:15:00;17:22:00;67;1;2;181;2021-09-18
LDA;VIE;BER;20:20:00;22:15:00;23:53:00;98;1;2;;2021-09-18
FlyUIBK;VIE;OSL;18:05:00;22:15:00;23:07:00;52;1;3;149;2021-09-18
LDA;VIE;OSL;14:45:00;14:40:00;15:29:00;49;1;3;;2021-09-18
LDA;BER;VIE;20:45:00;09:15:00;09:20:00;5;1;1;;2021-09-19
LDA;VIE;BER;21:55:00;22:15:00;22:33:00;18;1;2;;2021-09-19
FlyUIBK;OSL;VIE;18:10:00;07:50:00;08:02:00;12;1;4;164;2021-09-19
LDA;BER;VIE;20:45:00;16:15:00;16:18:00;3;1;1;;2021-09-20
FlyUIBK;BER;VIE;06:35:00;22:25:00;22:38:00;13;1;1;173;2021-09-20
LDA;BER;VIE;20:45:00;22:15:00;22:19:00;4;1;1;;2021-09-20
FlyUIBK;BER;VIE;20:45:00;14:40:00;14:49:00;9;1;1;98;2021-09-20
FlyUIBK;VIE;OSL;13:35:00;22:15:00;22:17:00;2;1;3;102;2021-09-20
LDA;VIE;OSL;07:45:00;21:35:00;21:35:00;0;0;3;;2021-09-20
FlyUIBK;VIE;OSL;21:55:00;22:25:00;22:43:00;18;1;3;162;2021-09-20
LDA;OSL;VIE;07:45:00;10:40:00;10:46:00;6;1;4;;2021-09-20
LDA;OSL;VIE;18:05:00;15:15:00;15:20:00;5;1;4;;2021-09-20
LDA;VIE;OSL;07:45:00;16:15:00;18:12:00;117;1;3;;2021-09-21
LDA;VIE;OSL;13:10:00;22:25:00;23:35:00;70;1;3;;2021-09-21
FlyUIBK;VIE;OSL;13:35:00;16:15:00;17:56:00;101;1;3;178;2021-09-21
FlyUIBK;OSL;VIE;21:55:00;16:15:00;18:12:00;117;1;4;83;2021-09-21
LDA;OSL;VIE;06:35:00;23:35:00;00:06:00;31;1;4;;2021-09-21
FlyUIBK;BER;VIE;13:10:00;23:35:00;23:50:00;15;1;1;211;2021-09-22
LDA;VIE;OSL;20:20:00;09:15:00;09:17:00;2;1;3;;2021-09-22
LDA;OSL;VIE;13:35:00;09:15:00;09:16:00;1;1;4;;2021-09-22
FlyUIBK;BER;VIE;13:10:00;21:35:00;21:52:00;17;1;1;56;2021-09-23
FlyUIBK;VIE;BER;14:45:00;21:35:00;21:53:00;18;1;2;147;2021-09-23
LDA;OSL;VIE;20:20:00;10:40:00;10:46:00;6;1;4;;2021-09-23
FlyUIBK;OSL;VIE;18:10:00;19:40:00;19:43:00;3;1;4;203;2021-09-23
FlyUIBK;BER;VIE;20:20:00;09:15:00;09:27:00;12;1;1;167;2021-09-24
FlyUIBK;VIE;BER;13:10:00;19:40:00;19:59:00;19;1;2;62;2021-09-24
LDA;VIE;BER;20:20:00;15:15:00;15:28:00;13;1;2;;2021-09-24
FlyUIBK;OSL;VIE;18:05:00;15:15:00;15:21:00;6;1;4;105;2021-09-24
FlyUIBK;OSL;VIE;06:35:00;07:50:00;07:57:00;7;1;4;118;2021-09-24
LDA;BER;VIE;13:10:00;19:15:00;20:26:00;71;1;1;;2021-09-25
LDA;BER;VIE;14:45:00;09:15:00;09:28:00;13;1;1;;2021-09-26
FlyUIBK;VIE;OSL;18:05:00;07:50:00;08:03:00;13;1;3;50;2021-09-26
FlyUIBK;BER;VIE;13:35:00;14:40:00;14:46:00;6;1;1;164;2021-09-27
LDA;VIE;BER;20:45:00;10:40:00;12:24:00;104;1;2;;2021-09-28
LDA;VIE;BER;18:10:00;19:15:00;20:02:00;47;1;2;;2021-09-28
LDA;VIE;OSL;20:20:00;23:35:00;01:37:00;122;1;3;;2021-09-28
FlyUIBK;BER;VIE;14:45:00;07:50:00;07:53:00;3;1;1;155;2021-09-29
FlyUIBK;VIE;OSL;14:45:00;23:35:00;23:35:00;0;0;3;131;2021-09-29
LDA;BER;VIE;20:20:00;23:35:00;23:39:00;4;1;1;;2021-09-30
FlyUIBK;BER;VIE;21:55:00;23:35:00;23:43:00;8;1;1;67;2021-09-30
LDA;VIE;BER;13:10:00;15:15:00;15:13:00;-2;0;2;;2021-09-30
LDA;OSL;VIE;13:10:00;10:40:00;10:40:00;0;0;4;;2021-09-30
FlyUIBK;OSL;VIE;14:45:00;22:25:00;22:39:00;14;1;4;78;2021-10-01
LDA;OSL;VIE;20:45:00;23:35:00;00:41:00;66;1;4;;2021-10-02
FlyUIBK;OSL;VIE;21:15:00;22:15:00;00:17:00;122;1;4;137;2021-10-02
FlyUIBK;VIE;BER;21:55:00;10:40:00;10:52:00;12;1;2;138;2021-10-03
FlyUIBK;VIE;OSL;14:45:00;21:35:00;21:36:00;1;1;3;158;2021-10-03
LDA;OSL;VIE;06:35:00;21:35:00;21:38:00;3;1;4;;2021-10-03
FlyUIBK;OSL;VIE;21:55:00;07:50:00;07:57:00;7;1;4;108;2021-10-03
FlyUIBK;VIE;BER;20:20:00;23:35:00;23:38:00;3;1;2;98;2021-10-04
FlyUIBK;BER;VIE;07:45:00;21:35:00;22:19:00;44;1;1;52;2021-10-05
LDA;BER;VIE;09:10:00;14:40:00;17:08:00;148;1;1;;2021-10-05
FlyUIBK;VIE;BER;20:20:00;07:50:00;10:10:00;140;1;2;201;2021-10-05
LDA;VIE;BER;06:35:00;09:15:00;11:42:00;147;1;2;;2021-10-05
FlyUIBK;VIE;BER;06:35:00;16:15:00;16:16:00;1;1;2;53;2021-10-06
FlyUIBK;OSL;VIE;21:55:00;19:40:00;19:59:00;19;1;4;204;2021-10-06
LDA;BER;VIE;18:05:00;21:35:00;21:40:00;5;1;1;;2021-10-07
FlyUIBK;VIE;OSL;20:45:00;19:15:00;19:13:00;-2;0;3;183;2021-10-07
LDA;OSL;VIE;13:10:00;22:25:00;22:42:00;17;1;4;;2021-10-07
LDA;BER;VIE;09:10:00;16:15:00;16:21:00;6;1;1;;2021-10-08
FlyUIBK;BER;VIE;14:45:00;16:15:00;16:19:00;4;1;1;51;2021-10-08
LDA;VIE;BER;18:10:00;19:40:00;19:49:00;9;1;2;;2021-10-08
LDA;VIE;BER;13:10:00;22:25:00;22:25:00;0;0;2;;2021-10-08
FlyUIBK;VIE;BER;20:20:00;16:15:00;18:21:00;126;1;2;220;2021-10-09
LDA;VIE;BER;20:20:00;14:40:00;16:45:00;125;1;2;;2021-10-09
LDA;VIE;OSL;18:10:00;23:35:00;00:30:00;55;1;3;;2021-10-09
LDA;OSL;VIE;18:10:00;23:35:00;23:35:00;0;0;4;;2021-10-10
LDA;BER;VIE;18:05:00;14:40:00;14:55:00;15;1;1;;2021-10-11
FlyUIBK;VIE;OSL;21:55:00;22:15:00;22:16:00;1;1;3;209;2021-10-11
FlyUIBK;OSL;VIE;20:45:00;15:15:00;15:30:00;15;1;4;149;2021-10-11
FlyUIBK;VIE;BER;21:55:00;22:15:00;00:25:00;130;1;2;113;2021-10-12
LDA;VIE;OSL;18:10:00;22:15:00;22:32:00;17;1;3;;2021-10-12
LDA;VIE;OSL;21:55:00;10:40:00;12:43:00;123;1;3;;2021-10-12
FlyUIBK;OSL;VIE;06:35:00;14:40:00;14:48:00;8;1;4;88;2021-10-13
FlyUIBK;BER;VIE;09:10:00;21:35:00;21:51:00;16;1;1;103;2021-10-14
LDA;VIE;OSL;20:45:00;15:15:00;15:25:00;10;1;3;;2021-10-14
FlyUIBK;OSL;VIE;20:45:00;14:40:00;14:40:00;0;0;4;62;2021-10-14
LDA;VIE;BER;06:35:00;07:50:00;07:53:00;3;1;2;;2021-10-15
FlyUIBK;VIE;OSL;13:35:00;22:15:00;22:21:00;6;1;3;80;2021-10-15
LDA;OSL;VIE;13:10:00;21:35:00;21:37:00;2;1;4;;2021-10-15
FlyUIBK;OSL;VIE;13:35:00;15:15:00;15:33:00;18;1;4;142;2021-10-15
FlyUIBK;BER;VIE;14:45:00;07:50:00;08:07:00;17;1;1;189;2021-10-16
LDA;BER;VIE;21:15:00;10:40:00;12:03:00;83;1;1;;2021-10-16
LDA;BER;VIE;13:10:00;09:15:00;11:37:00;142;1;1;;2021-10-16
FlyUIBK;BER;VIE;21:15:00;14:40:00;14:54:00;14;1;1;91;2021-10-16
LDA;VIE;BER;20:20:00;14:40:00;16:13:00;93;1;2;;2021-10-16
LDA;VIE;OSL;18:05:00;22:25:00;22:50:00;25;1;3;;2021-10-16
FlyUIBK;VIE;BER;06:35:00;21:35:00;21:48:00;13;1;2;59;2021-10-17
FlyUIBK;VIE;OSL;21:15:00;07:50:00;08:03:00;13;1;3;102;2021-10-17
FlyUIBK;OSL;VIE;07:45:00;22:25:00;22:44:00;19;1;4;62;2021-10-17
FlyUIBK;BER;VIE;21:55:00;15:15:00;15:30:00;15;1;1;134;2021-10-18
LDA;VIE;BER;20:20:00;07:50:00;08:06:00;16;1;2;;2021-10-18
LDA;VIE;BER;21:15:00;22:15:00;22:30:00;15;1;2;;2021-10-18
LDA;VIE;BER;13:35:00;07:50:00;08:58:00;68;1;2;;2021-10-19
LDA;OSL;VIE;13:35:00;22:15:00;22:56:00;41;1;4;;2021-10-19
FlyUIBK;VIE;BER;21:55:00;10:40:00;10:42:00;2;1;2;119;2021-10-20
LDA;VIE;BER;21:55:00;14:40:00;14:54:00;14;1;2;;2021-10-20
FlyUIBK;VIE;BER;21:15:00;19:15:00;19:24:00;9;1;2;73;2021-10-21
FlyUIBK;VIE;OSL;07:45:00;10:40:00;10:49:00;9;1;3;71;2021-10-21
FlyUIBK;BER;VIE;20:20:00;22:25:00;22:42:00;17;1;1;206;2021-10-22
FlyUIBK;BER;VIE;13:10:00;22:25:00;22:29:00;4;1;1;73;2021-10-22
FlyUIBK;VIE;BER;18:10:00;16:15:00;16:25:00;10;1;2;91;2021-10-22
FlyUIBK;OSL;VIE;21:55:00;22:25:00;22:32:00;7;1;4;139;2021-10-22
FlyUIBK;BER;VIE;21:15:00;22:15:00;23:39:00;84;1;1;63;2021-10-23
LDA;OSL;VIE;13:10:00;10:40:00;11:01:00;21;1;4;;2021-10-23
LDA;VIE;BER;18:10:00;09:15:00;09:15:00;0;0;2;;2021-10-24
LDA;VIE;OSL;18:05:00;19:40:00;19:41:00;1;1;3;;2021-10-24
LDA;VIE;OSL;21:55:00;14:40:00;14:50:00;10;1;3;;2021-10-24
FlyUIBK;VIE;BER;20:45:00;19:15:00;19:31:00;16;1;2;165;2021-10-25
LDA;VIE;OSL;21:55:00;10:40:00;10:54:00;14;1;3;;2021-10-25
FlyUIBK;VIE;OSL;14:45:00;23:35:00;23:49:00;14;1;3;113;2021-10-25
LDA;VIE;BER;21:15:00;22:25:00;23:22:00;57;1;2;;2021-10-26
LDA;VIE;OSL;14:45:00;19:40:00;20:02:00;22;1;3;;2021-10-26
FlyUIBK;VIE;OSL;20:45:00;22:15:00;23:06:00;51;1;3;213;2021-10-26
LDA;OSL;VIE;20:20:00;16:15:00;17:30:00;75;1;4;;2021-10-26
LDA;VIE;BER;18:10:00;14:40:00;14:45:00;5;1;2;;2021-10-28
FlyUIBK;VIE;BER;18:10:00;09:15:00;09:12:00;-3;0;2;134;2021-10-28
LDA;VIE;BER;06:35:00;15:15:00;15:35:00;20;1;2;;2021-10-28
LDA;VIE;OSL;18:10:00;10:40:00;10:59:00;19;1;3;;2021-10-28
LDA;VIE;OSL;18:05:00;22:25:00;22:32:00;7;1;3;;2021-10-28
LDA;OSL;VIE;13:10:00;19:40:00;19:42:00;2;1;4;;2021-10-28
LDA;BER;VIE;06:35:00;22:25:00;22:28:00;3;1;1;;2021-10-29
FlyUIBK;BER;VIE;18:10:00;19:15:00;19:25:00;10;1;1;186;2021-10-29
LDA;BER;VIE;06:35:00;23:35:00;23:54:00;19;1;1;;2021-10-29
FlyUIBK;VIE;BER;13:10:00;16:15:00;16:27:00;12;1;2;60;2021-10-29
LDA;OSL;VIE;09:10:00;22:15:00;22:14:00;-1;0;4;;2021-10-29
LDA;VIE;OSL;21:15:00;14:40:00;16:46:00;126;1;3;;2021-10-30
LDA;VIE;BER;14:45:00;19:40:00;19:48:00;8;1;2;;2021-10-31
FlyUIBK;OSL;VIE;21:55:00;15:15:00;15:26:00;11;1;4;119;2021-10-31
FlyUIBK;BER;VIE;07:45:00;23:35:00;23:54:00;19;1;1;130;2021-11-01
FlyUIBK;VIE;BER;07:45:00;07:50:00;07:58:00;8;1;2;50;2021-11-01
LDA;VIE;OSL;20:45:00;15:15:00;15:20:00;5;1;3;;2021-11-01
LDA;VIE;BER;21:15:00;21:35:00;21:38:00;3;1;2;;2021-11-02
FlyUIBK;VIE;OSL;20:45:00;16:15:00;18:44:00;149;1;3;181;2021-11-02
FlyUIBK;OSL;VIE;20:45:00;09:15:00;11:31:00;136;1;4;150;2021-11-02
LDA;OSL;VIE;18:05:00;23:35:00;23:53:00;18;1;4;;2021-11-02
FlyUIBK;VIE;BER;21:55:00;23:35:00;23:46:00;11;1;2;109;2021-11-03
LDA;VIE;OSL;21:15:00;21:35:00;21:35:00;0;0;3;;2021-11-03
FlyUIBK;OSL;VIE;21:55:00;14:40:00;14:35:00;-5;0;4;190;2021-11-03
FlyUIBK;VIE;OSL;06:35:00;07:50:00;07:58:00;8;1;3;220;2021-11-04
LDA;OSL;VIE;06:35:00;23:35:00;23:40:00;5;1;4;;2021-11-04
FlyUIBK;BER;VIE;13:10:00;10:40:00;10:39:00;-1;0;1;143;2021-11-05
LDA;VIE;BER;14:45:00;10:40:00;10:38:00;-2;0;2;;2021-11-05
FlyUIBK;VIE;OSL;07:45:00;23:35:00;23:49:00;14;1;3;94;2021-11-05
LDA;OSL;VIE;13:10:00;16:15:00;16:31:00;16;1;4;;2021-11-05
LDA;BER;VIE;14:45:00;19:40:00;21:30:00;110;1;1;;2021-11-06
LDA;VIE;OSL;21:55:00;09:15:00;09:18:00;3;1;3;;2021-11-06
LDA;OSL;VIE;18:10:00;22:15:00;23:39:00;84;1;4;;2021-11-06
FlyUIBK;VIE;OSL;18:05:00;21:35:00;21:51:00;16;1;3;85;2021-11-08
FlyUIBK;VIE;OSL;07:45:00;09:15:00;09:29:00;14;1;3;167;2021-11-08
LDA;OSL;VIE;13:10:00;15:15:00;15:28:00;13;1;4;;2021-11-08
LDA;BER;VIE;18:10:00;23:35:00;23:33:00;-2;0;1;;2021-11-10
LDA;VIE;BER;06:35:00;15:15:00;15:14:00;-1;0;2;;2021-11-10
FlyUIBK;OSL;VIE;21:55:00;16:15:00;16:14:00;-1;0;4;76;2021-11-10
FlyUIBK;VIE;BER;13:10:00;19:15:00;19:34:00;19;1;2;121;2021-11-11
FlyUIBK;BER;VIE;21:15:00;09:15:00;09:26:00;11;1;1;90;2021-11-12
LDA;VIE;OSL;18:05:00;22:25:00;22:43:00;18;1;3;;2021-11-12
FlyUIBK;VIE;OSL;18:05:00;23:35:00;23:43:00;8;1;3;51;2021-11-12
LDA;BER;VIE;13:35:00;14:40:00;15:00:00;20;1;1;;2021-11-13
FlyUIBK;VIE;BER;13:10:00;10:40:00;12:11:00;91;1;2;90;2021-11-13
LDA;VIE;OSL;18:10:00;09:15:00;11:45:00;150;1;3;;2021-11-13
FlyUIBK;VIE;OSL;13:10:00;16:15:00;16:40:00;25;1;3;121;2021-11-13
FlyUIBK;VIE;OSL;13:10:00;23:35:00;00:26:00;51;1;3;112;2021-11-13
FlyUIBK;OSL;VIE;20:45:00;22:15:00;00:27:00;132;1;4;148;2021-11-13
FlyUIBK;VIE;BER;13:10:00;21:35:00;21:51:00;16;1;2;209;2021-11-14
FlyUIBK;VIE;BER;13:35:00;16:15:00;16:30:00;15;1;2;112;2021-11-14
FlyUIBK;VIE;OSL;18:10:00;21:35:00;21:35:00;0;0;3;181;2021-11-14
FlyUIBK;VIE;OSL;13:10:00;22:15:00;22:16:00;1;1;3;177;2021-11-14
LDA;BER;VIE;20:45:00;19:15:00;19:19:00;4;1;1;;2021-11-15
FlyUIBK;OSL;VIE;07:45:00;19:40:00;19:51:00;11;1;4;120;2021-11-15
FlyUIBK;OSL;VIE;06:35:00;21:35:00;21:49:00;14;1;4;145;2021-11-15
FlyUIBK;BER;VIE;18:05:00;19:15:00;20:30:00;75;1;1;129;2021-11-16
LDA;VIE;BER;13:10:00;19:15:00;19:56:00;41;1;2;;2021-11-16
FlyUIBK;BER;VIE;09:10:00;22:25:00;22:44:00;19;1;1;143;2021-11-17
FlyUIBK;VIE;BER;07:45:00;14:40:00;14:39:00;-1;0;2;67;2021-11-17
LDA;VIE;BER;20:20:00;09:15:00;09:35:00;20;1;2;;2021-11-17
FlyUIBK;VIE;BER;09:10:00;07:50:00;08:10:00;20;1;2;159;2021-11-18
FlyUIBK;BER;VIE;18:05:00;19:15:00;19:11:00;-4;0;1;63;2021-11-19
LDA;OSL;VIE;13:10:00;23:35:00;23:42:00;7;1;4;;2021-11-19
FlyUIBK;OSL;VIE;13:10:00;10:40:00;10:57:00;17;1;4;158;2021-11-20
LDA;VIE;BER;18:10:00;22:25:00;22:39:00;14;1;2;;2021-11-21
LDA;VIE;BER;13:35:00;15:15:00;15:22:00;7;1;2;;2021-11-22
LDA;VIE;OSL;20:20:00;23:35:00;23:41:00;6;1;3;;2021-11-22
LDA;VIE;BER;21:15:00;14:40:00;15:04:00;24;1;2;;2021-11-23
LDA;VIE;BER;18:05:00;09:15:00;11:09:00;114;1;2;;2021-11-23
FlyUIBK;VIE;OSL;20:45:00;23:35:00;01:07:00;92;1;3;143;2021-11-23
FlyUIBK;VIE;OSL;21:15:00;19:40:00;19:51:00;11;1;3;180;2021-11-24
LDA;VIE;BER;13:35:00;19:40:00;19:38:00;-2;0;2;;2021-11-25
FlyUIBK;OSL;VIE;20:20:00;16:15:00;16:29:00;14;1;4;220;2021-11-25
LDA;OSL;VIE;14:45:00;22:15:00;22:35:00;20;1;4;;2021-11-25
FlyUIBK;VIE;BER;18:10:00;22:15:00;22:32:00;17;1;2;161;2021-11-26
LDA;VIE;BER;14:45:00;14:40:00;14:52:00;12;1;2;;2021-11-27
FlyUIBK;OSL;VIE;18:10:00;14:40:00;17:05:00;145;1;4;214;2021-11-27
LDA;BER;VIE;20:20:00;23:35:00;23:40:00;5;1;1;;2021-11-28
FlyUIBK;BER;VIE;21:55:00;10:40:00;10:48:00;8;1;1;183;2021-11-28
LDA;VIE;OSL;21:15:00;22:25:00;22:27:00;2;1;3;;2021-11-28
FlyUIBK;VIE;OSL;20:20:00;19:40:00;20:00:00;20;1;3;98;2021-11-28
FlyUIBK;OSL;VIE;21:55:00;16:15:00;16:26:00;11;1;4;158;2021-11-28
LDA;VIE;BER;18:10:00;19:15:00;19:22:00;7;1;2;;2021-11-29
LDA;VIE;BER;06:35:00;16:15:00;16:29:00;14;1;2;;2021-11-29
FlyUIBK;VIE;BER;13:10:00;23:35:00;23:49:00;14;1;2;215;2021-11-30
FlyUIBK;VIE;BER;07:45:00;22:25:00;23:39:00;74;1;2;56;2021-11-30
LDA;BER;VIE;20:45:00;22:15:00;22:19:00;4;1;1;;2021-12-01
FlyUIBK;VIE;OSL;20:45:00;14:40:00;14:46:00;6;1;3;74;2021-12-01
FlyUIBK;VIE;OSL;13:35:00;10:40:00;10:54:00;14;1;3;163;2021-12-02
FlyUIBK;BER;VIE;13:10:00;07:50:00;08:02:00;12;1;1;100;2021-12-03
LDA;VIE;BER;07:45:00;07:50:00;07:55:00;5;1;2;;2021-12-03
LDA;VIE;OSL;18:10:00;07:50:00;07:58:00;8;1;3;;2021-12-03
FlyUIBK;BER;VIE;13:10:00;23:35:00;01:55:00;140;1;1;111;2021-12-04
LDA;VIE;BER;13:35:00;23:35:00;23:37:00;2;1;2;;2021-12-05
FlyUIBK;VIE;BER;07:45:00;19:15:00;19:31:00;16;1;2;86;2021-12-05
FlyUIBK;VIE;BER;09:10:00;15:15:00;15:32:00;17;1;2;114;2021-12-05
FlyUIBK;VIE;OSL;07:45:00;23:35:00;23:35:00;0;0;3;72;2021-12-05
LDA;VIE;OSL;20:20:00;16:15:00;16:34:00;19;1;3;;2021-12-05
FlyUIBK;OSL;VIE;20:45:00;23:35:00;23:44:00;9;1;4;165;2021-12-05
FlyUIBK;BER;VIE;13:10:00;23:35:00;00:56:00;81;1;1;172;2021-12-07
FlyUIBK;BER;VIE;18:05:00;19:15:00;19:11:00;-4;0;1;131;2021-12-08
LDA;VIE;OSL;14:45:00;10:40:00;10:37:00;-3;0;3;;2021-12-08
FlyUIBK;VIE;OSL;21:15:00;21:35:00;21:32:00;-3;0;3;156;2021-12-08
FlyUIBK;OSL;VIE;09:10:00;19:40:00;19:45:00;5;1;4;132;2021-12-08
FlyUIBK;BER;VIE;20:20:00;19:15:00;19:28:00;13;1;1;202;2021-12-09
LDA;BER;VIE;18:05:00;19:40:00;19:49:00;9;1;1;;2021-12-09
FlyUIBK;VIE;OSL;13:10:00;22:25:00;22:22:00;-3;0;3;183;2021-12-09
FlyUIBK;VIE;OSL;21:15:00;09:15:00;09:17:00;2;1;3;211;2021-12-10
LDA;BER;VIE;06:35:00;07:50:00;09:13:00;83;1;1;;2021-12-11
LDA;BER;VIE;18:10:00;19:40:00;20:50:00;70;1;1;;2021-12-11
FlyUIBK;OSL;VIE;07:45:00;16:15:00;16:15:00;0;0;4;203;2021-12-11
FlyUIBK;BER;VIE;13:10:00;19:15:00;19:21:00;6;1;1;204;2021-12-13
FlyUIBK;VIE;BER;21:15:00;19:40:00;19:54:00;14;1;2;164;2021-12-14
FlyUIBK;VIE;OSL;18:05:00;15:15:00;17:10:00;115;1;3;209;2021-12-14
FlyUIBK;OSL;VIE;21:55:00;15:15:00;15:56:00;41;1;4;144;2021-12-14
FlyUIBK;VIE;OSL;21:55:00;16:15:00;16:09:00;-6;0;3;138;2021-12-15
FlyUIBK;VIE;OSL;09:10:00;16:15:00;16:14:00;-1;0;3;198;2021-12-15
FlyUIBK;OSL;VIE;07:45:00;07:50:00;07:55:00;5;1;4;62;2021-12-15
FlyUIBK;BER;VIE;18:10:00;22:25:00;22:32:00;7;1;1;70;2021-12-17
FlyUIBK;VIE;BER;20:45:00;22:25:00;22:36:00;11;1;2;105;2021-12-17
LDA;VIE;BER;07:45:00;16:15:00;17:50:00;95;1;2;;2021-12-18
FlyUIBK;BER;VIE;13:35:00;23:35:00;23:47:00;12;1;1;158;2021-12-19
LDA;VIE;BER;20:20:00;16:15:00;16:21:00;6;1;2;;2021-12-19
FlyUIBK;OSL;VIE;21:55:00;22:15:00;22:32:00;17;1;4;72;2021-12-19
LDA;VIE;OSL;07:45:00;07:50:00;08:03:00;13;1;3;;2021-12-20
LDA;OSL;VIE;21:15:00;15:15:00;15:29:00;14;1;4;;2021-12-20
FlyUIBK;BER;VIE;20:45:00;21:35:00;23:43:00;128;1;1;75;2021-12-21
LDA;VIE;BER;21:15:00;22:25:00;23:11:00;46;1;2;;2021-12-21
LDA;OSL;VIE;21:55:00;07:50:00;10:11:00;141;1;4;;2021-12-21
LDA;OSL;VIE;09:10:00;23:35:00;23:39:00;4;1;4;;2021-12-21
FlyUIBK;BER;VIE;14:45:00;19:15:00;19:30:00;15;1;1;190;2021-12-22
LDA;VIE;BER;09:10:00;10:40:00;10:58:00;18;1;2;;2021-12-22
FlyUIBK;VIE;BER;13:35:00;21:35:00;21:53:00;18;1;2;104;2021-12-22
FlyUIBK;VIE;BER;14:45:00;23:35:00;23:43:00;8;1;2;148;2021-12-22
FlyUIBK;VIE;OSL;20:45:00;16:15:00;16:35:00;20;1;3;195;2021-12-22
LDA;VIE;OSL;18:05:00;15:15:00;15:07:00;-8;0;3;;2021-12-22
LDA;BER;VIE;18:05:00;19:40:00;19:39:00;-1;0;1;;2021-12-24
FlyUIBK;BER;VIE;06:35:00;21:35:00;21:48:00;13;1;1;163;2021-12-24
LDA;BER;VIE;20:45:00;22:15:00;22:11:00;-4;0;1;;2021-12-24
FlyUIBK;OSL;VIE;18:05:00;23:35:00;23:49:00;14;1;4;52;2021-12-24
LDA;BER;VIE;20:45:00;07:50:00;08:04:00;14;1;1;;2021-12-25
FlyUIBK;OSL;VIE;06:35:00;19:40:00;21:20:00;100;1;4;203;2021-12-25
LDA;OSL;VIE;14:45:00;19:15:00;19:22:00;7;1;4;;2021-12-26
LDA;BER;VIE;06:35:00;22:15:00;22:19:00;4;1;1;;2021-12-27
FlyUIBK;BER;VIE;09:10:00;16:15:00;16:35:00;20;1;1;172;2021-12-27
FlyUIBK;VIE;OSL;14:45:00;14:40:00;14:44:00;4;1;3;202;2021-12-27
FlyUIBK;BER;VIE;18:05:00;21:35:00;22:24:00;49;1;1;214;2021-12-28
LDA;VIE;OSL;14:45:00;22:25:00;22:16:00;-9;0;3;;2021-12-29
LDA;OSL;VIE;18:05:00;21:35:00;21:27:00;-8;0;4;;2021-12-29
FlyUIBK;BER;VIE;20:45:00;15:15:00;15:14:00;-1;0;1;57;2021-12-30
LDA;VIE;BER;14:45:00;23:35:00;23:41:00;6;1;2;;2021-12-30
LDA;VIE;OSL;06:35:00;22:15:00;22:18:00;3;1;3;;2021-12-30
LDA;VIE;OSL;09:10:00;21:35:00;21:33:00;-2;0;3;;2021-12-30
